{
  "definition": "0.1.3",
  "title": "Pressure Functions from Geometric Opposition",
  "parameters": {
    "epsilon_physical": 0.5,
    "epsilon_vis": 0.05,
    "epsilon_used": 0.5,
    "a0": 1.0
  },
  "all_passed": true,
  "passed_count": 12,
  "total_count": 12,
  "results": [
    {
      "test": "vertex_on_unit_sphere",
      "passed": true,
      "vertices": {
        "R": {
          "position": [
            0.5773502691896258,
            0.5773502691896258,
            0.5773502691896258
          ],
          "norm": 1.0,
          "error": 0.0
        },
        "G": {
          "position": [
            0.5773502691896258,
            -0.5773502691896258,
            -0.5773502691896258
          ],
          "norm": 1.0,
          "error": 0.0
        },
        "B": {
          "position": [
            -0.5773502691896258,
            0.5773502691896258,
            -0.5773502691896258
          ],
          "norm": 1.0,
          "error": 0.0
        },
        "W": {
          "position": [
            -0.5773502691896258,
            -0.5773502691896258,
            0.5773502691896258
          ],
          "norm": 1.0,
          "error": 0.0
        },
        "Rbar": {
          "position": [
            -0.5773502691896258,
            -0.5773502691896258,
            -0.5773502691896258
          ],
          "norm": 1.0,
          "error": 0.0
        },
        "Gbar": {
          "position": [
            -0.5773502691896258,
            0.5773502691896258,
            0.5773502691896258
          ],
          "norm": 1.0,
          "error": 0.0
        },
        "Bbar": {
          "position": [
            0.5773502691896258,
            -0.5773502691896258,
            0.5773502691896258
          ],
          "norm": 1.0,
          "error": 0.0
        },
        "Wbar": {
          "position": [
            0.5773502691896258,
            0.5773502691896258,
            -0.5773502691896258
          ],
          "norm": 1.0,
          "error": 0.0
        }
      },
      "max_error": 0.0
    },
    {
      "test": "tetrahedral_angle",
      "passed": true,
      "expected_cos": -0.3333333333333333,
      "expected_theta_deg": 109.47122063449069,
      "pairs": [
        {
          "pair": "R-G",
          "tetrahedron": "T+",
          "cos_theta": -0.3333333333333334,
          "theta_rad": 1.9106332362490186,
          "theta_deg": 109.47122063449069,
          "cos_error": 1.1102230246251565e-16
        },
        {
          "pair": "R-B",
          "tetrahedron": "T+",
          "cos_theta": -0.3333333333333334,
          "theta_rad": 1.9106332362490186,
          "theta_deg": 109.47122063449069,
          "cos_error": 1.1102230246251565e-16
        },
        {
          "pair": "R-W",
          "tetrahedron": "T+",
          "cos_theta": -0.3333333333333334,
          "theta_rad": 1.9106332362490186,
          "theta_deg": 109.47122063449069,
          "cos_error": 1.1102230246251565e-16
        },
        {
          "pair": "G-B",
          "tetrahedron": "T+",
          "cos_theta": -0.3333333333333334,
          "theta_rad": 1.9106332362490186,
          "theta_deg": 109.47122063449069,
          "cos_error": 1.1102230246251565e-16
        },
        {
          "pair": "G-W",
          "tetrahedron": "T+",
          "cos_theta": -0.3333333333333334,
          "theta_rad": 1.9106332362490186,
          "theta_deg": 109.47122063449069,
          "cos_error": 1.1102230246251565e-16
        },
        {
          "pair": "B-W",
          "tetrahedron": "T+",
          "cos_theta": -0.3333333333333334,
          "theta_rad": 1.9106332362490186,
          "theta_deg": 109.47122063449069,
          "cos_error": 1.1102230246251565e-16
        },
        {
          "pair": "Rbar-Gbar",
          "tetrahedron": "T-",
          "cos_theta": -0.3333333333333334,
          "theta_rad": 1.9106332362490186,
          "theta_deg": 109.47122063449069,
          "cos_error": 1.1102230246251565e-16
        },
        {
          "pair": "Rbar-Bbar",
          "tetrahedron": "T-",
          "cos_theta": -0.3333333333333334,
          "theta_rad": 1.9106332362490186,
          "theta_deg": 109.47122063449069,
          "cos_error": 1.1102230246251565e-16
        },
        {
          "pair": "Rbar-Wbar",
          "tetrahedron": "T-",
          "cos_theta": -0.3333333333333334,
          "theta_rad": 1.9106332362490186,
          "theta_deg": 109.47122063449069,
          "cos_error": 1.1102230246251565e-16
        },
        {
          "pair": "Gbar-Bbar",
          "tetrahedron": "T-",
          "cos_theta": -0.3333333333333334,
          "theta_rad": 1.9106332362490186,
          "theta_deg": 109.47122063449069,
          "cos_error": 1.1102230246251565e-16
        },
        {
          "pair": "Gbar-Wbar",
          "tetrahedron": "T-",
          "cos_theta": -0.3333333333333334,
          "theta_rad": 1.9106332362490186,
          "theta_deg": 109.47122063449069,
          "cos_error": 1.1102230246251565e-16
        },
        {
          "pair": "Bbar-Wbar",
          "tetrahedron": "T-",
          "cos_theta": -0.3333333333333334,
          "theta_rad": 1.9106332362490186,
          "theta_deg": 109.47122063449069,
          "cos_error": 1.1102230246251565e-16
        }
      ],
      "max_cos_error": 1.1102230246251565e-16
    },
    {
      "test": "antipodal_opposition",
      "passed": true,
      "pairs": [
        {
          "color": "R",
          "anticolor": "Rbar",
          "x_c": [
            0.5773502691896258,
            0.5773502691896258,
            0.5773502691896258
          ],
          "x_cbar": [
            -0.5773502691896258,
            -0.5773502691896258,
            -0.5773502691896258
          ],
          "expected": [
            -0.5773502691896258,
            -0.5773502691896258,
            -0.5773502691896258
          ],
          "error": 0.0,
          "is_opposite": true
        },
        {
          "color": "G",
          "anticolor": "Gbar",
          "x_c": [
            0.5773502691896258,
            -0.5773502691896258,
            -0.5773502691896258
          ],
          "x_cbar": [
            -0.5773502691896258,
            0.5773502691896258,
            0.5773502691896258
          ],
          "expected": [
            -0.5773502691896258,
            0.5773502691896258,
            0.5773502691896258
          ],
          "error": 0.0,
          "is_opposite": true
        },
        {
          "color": "B",
          "anticolor": "Bbar",
          "x_c": [
            -0.5773502691896258,
            0.5773502691896258,
            -0.5773502691896258
          ],
          "x_cbar": [
            0.5773502691896258,
            -0.5773502691896258,
            0.5773502691896258
          ],
          "expected": [
            0.5773502691896258,
            -0.5773502691896258,
            0.5773502691896258
          ],
          "error": 0.0,
          "is_opposite": true
        },
        {
          "color": "W",
          "anticolor": "Wbar",
          "x_c": [
            -0.5773502691896258,
            -0.5773502691896258,
            0.5773502691896258
          ],
          "x_cbar": [
            0.5773502691896258,
            0.5773502691896258,
            -0.5773502691896258
          ],
          "expected": [
            0.5773502691896258,
            0.5773502691896258,
            -0.5773502691896258
          ],
          "error": 0.0,
          "is_opposite": true
        }
      ],
      "max_error": 0.0
    },
    {
      "test": "equal_pressure_at_center",
      "passed": true,
      "epsilon": 0.5,
      "P_R(0)": 0.7999999999999998,
      "P_G(0)": 0.7999999999999998,
      "P_B(0)": 0.7999999999999998,
      "expected": 0.8,
      "max_pairwise_diff": 0.0,
      "max_expected_error": 2.220446049250313e-16
    },
    {
      "test": "antipodal_minimum",
      "passed": true,