{
  "gravity_probe_b": {
    "geodetic_measured": -6601.8,
    "geodetic_error": 18.3,
    "geodetic_GR": -6606.1,
    "framedrag_measured": -37.2,
    "framedrag_error": 7.2,
    "framedrag_GR": -39.2,
    "units": "mas/yr",
    "source": "PRL 106, 221101 (2011)"
  },
  "torsion_estimates": {
    "vacuum_H0": 9.650467176700452e-60,
    "vacuum_QCD": 1.2927378010791513e-18,
    "vacuum_theorem": 6.463689005395756e-60,
    "matter": 8.206720607056353e-41,
    "planck": 6.18714240757223e+34,
    "units": "m^{-1}"
  },
  "four_fermion": {
    "theorem_coefficient": 1.01073389106435e-87,
    "hehl_coefficient": 2.0214677821287005e-87,
    "ratio": 0.4999999999999999,
    "discrepancy": "factor of 2"
  },
  "coupling_constants": {
    "kappa": 2.0766474428449717e-43,
    "kappa_T": 2.5958093035562147e-44,
    "units": "s\u00b2/(kg\u00b7m)"
  }
}