{
  "vacuum_energy_planck": {
    "mean": 2.5192272939940175e-47,
    "std": 4.55298293692849e-49,
    "ci_68": [
      2.4739018019125803e-47,
      2.5646625537117263e-47
    ],
    "ci_95": [
      2.430972125816149e-47,
      2.608992358694585e-47
    ],
    "H0_source": "Planck"
  },
  "vacuum_energy_local": {
    "mean": 2.9588978002974907e-47,
    "std": 8.948224497375733e-49,
    "ci_68": [
      2.8701357281823238e-47,
      3.0473475287469396e-47
    ],
    "ci_95": [
      2.786171168107677e-47,
      3.137136971358909e-47
    ],
    "H0_source": "local"
  },
  "hubble_tension": {
    "ratio": 1.1745259379142456,
    "expected_ratio": 1.1743613133865756,
    "percent_difference": 17.452593791424565
  },
  "comparison": {
    "rho_observed": 2.519273261597325e-47,
    "rho_predicted": 2.5192732615973243e-47,
    "ratio": 0.9999999999999998,
    "percent_difference": -2.220446049250313e-14,
    "naive_QFT_discrepancy": 8.819234062294609e+122
  },
  "sensitivity": {
    "M_P": {
      "exponent": 2.0000000000074682,
      "relative_error_input": 1.1467044533086519e-05,
      "error_contribution": 2.2934089066258676e-05
    },
    "H_0": {
      "exponent": 2.0000000000074682,
      "relative_error_input": 0.007418397626112759,
      "error_contribution": 0.01483679525228092
    },
    "Omega_Lambda": {
      "exponent": 1.000000000010843,
      "relative_error_input": 0.010218978102189781,
      "error_contribution": 0.010218978102300586
    }
  },
  "phase_stability": {
    "perfect": {
      "mean": 4.0029660424867195e-16,
      "max": 4.0029660424867215e-16
    },
    "1_percent": {
      "mean": 0.015370978901652376,
      "std": 0.008058354026962554,
      "max": 0.052235081955100876
    },
    "5_percent": {
      "mean": 0.0762851184254811,
      "std": 0.04036899036422454,
      "max": 0.27903737754768493
    }
  },
  "tunneling": {
    "S_mean": 1178.0093724215017,
    "S_std": 79.71036776349996,
    "S_ci_68": [
      1099.356838136475,
      1256.2170910569373
    ],
    "log_Gamma_mean": -511.6029700729708,
    "log_Gamma_ci_68": [
      -545.5681507185827,
      -477.4446084452775
    ]
  },
  "goldstone": {
    "rad_mean": 2.280485162263641,
    "rad_std": 0.15348403336012578,
    "rad_ci_68": [
      2.1278469194708647,
      2.4330762136312254
    ],
    "deg_mean": 130.66217503991336,
    "deg_std": 8.79398733418034,
    "deg_ci_68": [
      121.9166479355941,
      139.40499827473985
    ]
  },
  "cmb": {
    "n_s": {
      "value": 0.9649,
      "uncertainty": 0.0042
    },
    "r_bound": {
      "value": 0.036
    },
    "delta_T_over_T": {
      "value": 1.1e-05,
      "uncertainty": 1e-06
    }
  }
}