{
  "tests_passed": 7,
  "tests_total": 7,
  "ell_P": 1.6162550244237053e-35,
  "T_P": 1.4167841621573426e+32,
  "lambda_T_at_T_P": 1.6162550244237053e-35,
  "coefficient": 5.074272804780512,
  "a_predicted": 3.6407997617176727e-35
}