{
  "proposition": "0.0.17a",
  "title": "Born Rule from Geodesic Flow",
  "tests": {
    "ergodicity": {
      "T_values": [
        1,
        5,
        10,
        50,
        100,
        500
      ],
      "uniformity_errors": [
        7.634133873596926,
        3.393405369241936,
        2.2856071403458644,
        0.5452632391790226,
        0.29728101183896694,
        0.058776866197510054
      ],
      "is_ergodic": true,
      "status": "PASS"
    },
    "born_rule": {
      "T_values": [
        1,
        5,
        10,
        50,
        100,
        500
      ],
      "errors": [
        0.010797147393026887,
        0.001470424664925075,
        0.0004911344883645368,
        0.0001443270853962041,
        0.00012750214595199424,
        2.321824337437953e-05
      ],
      "max_errors": [
        0.05949941467515396,
        0.009540706988101277,
        0.0031825474219600025,
        0.000928978580439388,
        0.0008163825083054022,
        0.00014148732829477595
      ],
      "rho_static": [
        1.6639173654253074e-05,
        1.7596830869771888e-05,
        1.862645168319272e-05,
        1.9734752285981296e-05,
        2.0929200912832404e-05,
        2.221811640247711e-05,
        2.3610781601539403e-05,
        2.5117574144273625e-05,
        2.6750117625390557e-05,
        2.8521456770458747e-05,
        3.044626092266347e-05,
        3.254106103632015e-05,
        3.482452643471312e-05,
        3.731778890098925e-05,
        4.0044823287573184e-05,
        4.303289583054353e-05,
        4.631309384149982e-05,
        4.992095355064803e-05,
        5.3897206759378176e-05,
        5.8288671847335545e-05,
        6.31493208539475e-05,
        6.854156219340855e-05,
        7.453778856179119e-05,
        8.122225241486692e-05,
        8.86933479168497e-05,
        9.706639966863764e-05,
        0.00010647708642248227,
        0.00011708566456184079,
        0.00012908220436465861,
        0.0001426931161111099,
        0.00015818932869820002,
        0.0001758965986562432,
        0.00019620858374298818,
        0.00021960352890699572,
        0.0002466657068092327,
        0.0002781131643479337,
        0.00031483390077479637,
        0.00035793341624831436,
        0.0004087977334125002,
        0.0004691776778971337,
        0.0005413026664279146,
        0.0006280358983842677,
        0.0007330883177097426,
        0.0008613170324861402,
        0.0010191467194973053,
        0.0012151726675211478,
        0.0014610361919415089,
        0.001772715205441874,
        0.002172458826935854,
        0.002691740284750219,
        0.003375853323647285,
        0.004291220960589746,
        0.0055372899608550075,
        0.007266383791791586,
        0.009717763553630755,
        0.0132778369509542,
        0.018590071464177304,
        0.02676262462574931,
        0.039774628219609275,
        0.06129858158233806,
        0.09841046187318721,
        0.16516859402564515,
        0.28972851317332055,
        0.525377471060167,
        0.9497333691233661,
        1.5728953083612305,
        2.080101902471507,
        1.960736918739502,
        1.352968189249446,
        0.7831459969191367,
        0.4300880703305214,
        0.23940346897884346,
        0.13861840304650766,
        0.08405758855294679,
        0.053348698733855365,
        0.0353406092232032,
        0.024374013323346263,
        0.01747937070129218,
        0.013040549670592821,
        0.010147803137111285,
        0.008275419308170924,
        0.007116220982869812,
        0.006494715622436016,
        0.006321736717599115,
        0.006572838447452324,
        0.007282557906651369,
        0.008552525613564711,
        0.010576287739389692,
        0.013689986070008734,
        0.018468990551198022,
        0.02591250356441829,
        0.037804824066941516,
        0.0574441987991261,
        0.09115405401334654,
        0.15145091763389187,
        0.2634434124503776,
        0.4754926322438573,
        0.86338772864601,
        1.4630288964529257,
        2.0292689774430497,
        2.029268977443056,
        1.4630288964529257,
        0.86338772864601,
        0.4754926322438573,
        0.26344341245037994,
        0.151450917633893,
        0.09115405401334654,
        0.0574441987991261,
        0.037804824066941745,
        0.02591250356441843,
        0.01846899055119811,
        0.013689986070008734,
        0.010576287739389692,
        0.008552525613564736,
        0.0072825579066513844,
        0.00657283844745233,
        0.006321736717599115,
        0.006494715622436017,
        0.0071162209828698015,
        0.008275419308170901,
        0.010147803137111252,
        0.013040549670592821,
        0.01747937070129218,
        0.024374013323346124,
        0.03534060922320299,
        0.05334869873385504,
        0.08405758855294679,
        0.13861840304650766,
        0.23940346897884143,
        0.4300880703305177,
        0.7831459969191298,
        1.352968189249446,
        1.960736918739502,
        2.0801019024715077,
        1.5728953083612305,
        0.9497333691233742,
        0.525377471060167,
        0.2897285131733243,
        0.1651685940256459,
        0.09841046187318721,
        0.06129858158233848,
        0.039774628219609275,
        0.02676262462574954,
        0.018590071464177356,
        0.0132778369509542,
        0.009717763553630797,
        0.0072663837917915875,
        0.005537289960855038,
        0.004291220960589753,
        0.003375853323647285,
        0.0026917402847502275,
        0.0021724588269358544,
        0.0017727152054418823,
        0.0014610361919415108,
        0.0012151726675211478,
        0.0010191467194973075,
        0.0008613170324861414,
        0.0007330883177097451,
        0.0006280358983842682,
        0.0005413026664279147,
        0.0004691776778971347,
        0.00040879773341250057,
        0.00035793341624831533,
        0.0003148339007747966,
        0.0002781131643479338,
        0.0002466657068092331,
        0.00021960352890699572,
        0.0001962085837429888,
        0.00017589659865624343,
        0.00015818932869820002,
        0.00014269311611111012,
        0.00012908220436465861,
        0.0001170856645618411,
        0.00010647708642248243,
        9.706639966863764e-05,
        8.86933479168498e-05,
        8.122225241486692e-05,
        7.45377885617914e-05,
        6.854156219340863e-05,
        6.31493208539475e-05,
        5.8288671847335626e-05,
        5.389720675937818e-05,
        4.992095355064815e-05,
        4.631309384149987e-05,
        4.303289583054353e-05,
        4.004482328757323e-05,
        3.731778890098925e-05,
        3.4824526434713195e-05,
        3.254106103632018e-05,
        3.0446260922663476e-05,
        2.8521456770458784e-05,
        2.675011762539055e-05,
        2.5117574144273628e-05,
        2.3610781601539427e-05,
        2.221811640247711e-05,
        2.092920091283241e-05,
        1.9734752285981296e-05,
        1.862645168319272e-05,
        1.7596830869771902e-05,
        1.6639173654253074e-05
      ],