{
  "proposition": "0.0.17z1",
  "title": "Numerical Spectral Verification of c_G",
  "verification_date": "2026-01-27T16:51:23.068880",
  "checks": {
    "geometry_verification": {
      "geometry": {
        "R_fm": 0.44847,
        "a_fm": 0.7323484432973145,
        "A_total_fm2": 1.8579163153515237,
        "A_over_R2": 9.237604307034012,
        "L_total_fm": 8.788181319567775,
        "L_eff_fm": 2.67236926725087,
        "L_eff_over_R": 5.958858490536424,
        "theta_dihedral_deg": 70.52877936550931,
        "chi": 4
      },
      "heat_kernel": {
        "a0_hat": 0.7351051938957227,
        "a12_hat": -0.4202407362744696,
        "a1_hat": 0.6666666666666666
      },
      "zeta_residues": {
        "z_12": 0.4202407362744696,
        "z_1": -1.3333333333333333,
        "E_NP": -0.9130925970588637
      },
      "c_G": {
        "L_eff_over_sqrtA": 1.9605747015640758,
        "c_G_leading": 0.3676077565432642,
        "c_G_adj": 0.11701318314556507,
        "c_G_full": 0.16901904232137177,
        "enhancement": 2.172784592835142,
        "c_G_enhanced": 0.36724197105162737
      },
      "svz_tension_sigma": 1.6724197105162735,
      "all_checks_pass": true
    },
    "fem_spectral": {
      "8": {
        "n_verts": 260,
        "n_tris": 512,
        "chi_mesh": 4,
        "mesh_area": 1.8579163153515297,
        "area_error": 3.226843041012605e-15,
        "n_zeros": 2,
        "a0_hat_fem": 2.0796660639846047,
        "a0_hat_analytic": 0.7351051938957227,
        "a0_relative_error": 1.8290727385060659,
        "eigenvalues_first_20": [
          2.351887118521754e-14,
          2.3518871396975777e-14,
          24.222258093661555,
          24.222258107693538,
          24.222258107693545,
          24.22225810769356,
          24.22225810769357,
          24.222258107765732,
          70.82296466848209,
          70.82296471229064,
          70.82296471229066,
          70.8229647122907,
          70.82296471229071,
          70.82296471251257,
          93.20141313427885,
          93.20141320919416,
          93.20141320919424,
          93.20141320919429,
          93.20141320919438,
          93.201413209675
        ],
        "degeneracies_first_8": [
          [
            24.222258093661555,
            6
          ],
          [
            70.82296466848209,
            6
          ],
          [
            93.20141313427885,
            6
          ],
          [
            156.92984269960243,
            12
          ]
        ],
        "heat_trace_test": {
          "t": 0.09393988457096714,
          "K_fem": 9.332581513117626,
          "K_analytic": 7.120826501131768,
          "relative_error": 0.3106036934946142
        }
      },
      "16": {
        "n_verts": 1028,
        "n_tris": 2048,
        "chi_mesh": 4,
        "mesh_area": 1.8579163153514258,
        "area_error": 5.270510300320589e-14,
        "n_zeros": 2,
        "a0_hat_fem": 0.9471896317600643,
        "a0_hat_analytic": 0.7351051938957227,
        "a0_relative_error": 0.28850896392173575,
        "eigenvalues_first_20": [
          -6.358453840658613e-14,
          -6.358453798306965e-14,
          24.457227491602804,
          24.45722749187882,
          24.45722749187886,
          24.457227491878896,
          24.457227491878935,
          24.457227492135715,
          72.9017437053816,
          72.90174370726571,
          72.90174370726584,
          72.90174370726587,
          72.9017437072661,
          72.90174370812096,
          96.88903242890532,
          96.88903243077367,
          96.88903243077398,
          96.88903243077407,
          96.88903243077428,
          96.88903243362157
        ],
        "degeneracies_first_8": [
          [
            24.457227491602804,
            6
          ],
          [
            72.9017437053816,
            6
          ],
          [
            96.88903242890532,
            6
          ],
          [
            167.9290805414752,
            12
          ]
        ],
        "heat_trace_test": {
          "t": 0.07677356656366927,
          "K_fem": 10.744240736765594,
          "K_analytic": 8.72497027628948,
          "relative_error": 0.23143579823573474
        }
      },
      "24": {
        "n_verts": 2308,
        "n_tris": 4608,
        "chi_mesh": 4,
        "mesh_area": 1.8579163153515308,
        "area_error": 3.824406567126051e-15,
        "n_zeros": 2,
        "a0_hat_fem": 0.8108425007478701,
        "a0_hat_analytic": 0.7351051938957227,
        "a0_relative_error": 0.10302920926292763,
        "eigenvalues_first_20": [
          7.417436157711036e-14,
          7.41743617888686e-14,
          24.50093969479938,
          24.500939695785533,
          24.50093969578555,
          24.5009396957856,
          24.500939695785643,
          24.50093969662656,
          73.29321014659382,
          73.29321015178692,
          73.29321015178705,
          73.29321015178719,
          73.29321015178743,
          73.29321015289766,
          97.58454090851464,
          97.58454091200306,
          97.58454091200349,
          97.58454091200358,
          97.5845409120039,
          97.58454091561889
        ],
        "degeneracies_first_8": [
          [
            24.50093969479938,
            6
          ],
          [
            73.29321014659382,
            6
          ],
          [
            97.58454090851464,
            6
          ],
          [
            170.04290177877294,
            12
          ]
        ],
        "heat_trace_test": {
          "t": 0.0741240543029182,
          "K_fem": 10.996107827014093,
          "K_analytic": 9.040352894195916,
          "relative_error": 0.21633612710780464
        }
      },
      "32": {
        "n_verts": 4100,
        "n_tris": 8192,
        "chi_mesh": 4,
        "mesh_area": 1.8579163153516665,
        "area_error": 7.684666945818908e-14,
        "n_zeros": 2,
        "a0_hat_fem": 0.769002700448244,
        "a0_hat_analytic": 0.7351051938957227,
        "a0_relative_error": 0.04611245687556632,
        "eigenvalues_first_20": [
          -3.2005108952949516e-13,
          -3.2005108889422045e-13,
          24.51625372297076,
          24.516253723204052,
          24.5162537232041,
          24.516253723204134,
          24.516253723204187,
          24.516253723455257,
          73.43070870620122,
          73.4307087069618,
          73.43070870696185,
          73.43070870696214,
          73.43070870696218,
          73.43070870792448,
          97.82890996579327,
          97.82890996751519,
          97.82890996751523,
          97.82890996751564,
          97.82890996751577,
          97.82890996850138
        ],
        "degeneracies_first_8": [
          [
            24.51625372297076,
            6
          ],
          [
            73.43070870620122,
            6
          ],
          [
            97.82890996579327,
            6
          ],
          [
            170.78854572981484,
            12
          ]
        ],
        "heat_trace_test": {
          "t": 0.07322267086709539,
          "K_fem": 11.084413235530599,
          "K_analytic": 9.152964078620728,
          "relative_error": 0.2110189814271535
        }
      }
    }
  },
  "overall_status": "PASS"
}