{
  "theorem": "0.0.32a",
  "title": "Observer Fixed-Point Theorem",
  "timestamp": "2026-02-05T12:31:34.185766",
  "verifications": {
    "z3_structure": {
      "omega": "(-0.49999999999999983+0.8660254037844387j)",
      "omega_squared": "(-0.5000000000000002-0.8660254037844384j)",
      "omega_cubed": "(0.9999999999999998-4.772891088663143e-16j)",
      "closure_error": 5.264111511154694e-16,
      "is_group": "True"
    },
    "n2_equilibrium": {
      "phi_0": 0,
      "phi_1": 3.141592653589793,
      "amplitude": 0.7071067811865475,
      "delta_phi": -3.141592653589793,
      "cos_delta_phi": -1.0,
      "p_direct": 7.498798913309285e-33,
      "p_formula": 0.0,
      "original_claim": 1.9999999999999996,
      "is_zero": "True"
    },
    "fixed_point": {
      "N_values": [
        1,
        2,
        3,
        4,
        5,
        6,
        7,
        8,
        9,
        10
      ],
      "F_values": {
        "1": 0,
        "2": 0,
        "3": 3,
        "4": 3,
        "5": 3,
        "6": 3,
        "7": 3,
        "8": 3,
        "9": 3,
        "10": 3
      },
      "eigenvalues": {
        "1": [
          0.0
        ],
        "2": [
          7.251174958922703e-27
        ],
        "3": [
          2.5061115847558115,
          0.850171768393939
        ],
        "4": [
          2.4404651994526128,
          0.6808233454943428,
          0.5659930446123111
        ],
        "5": [
          2.325414394612302,
          0.48978420945365375,
          0.46560311316602737,
          0.4361213124568705
        ],
        "6": [
          2.2865082010338873,
          0.3910775374785193,
          0.3852453023810309,
          0.36951695106320365,
          0.3615239844794366
        ],
        "7": [
          2.259204380287813,
          0.3303179934086633,
          0.32785978504965896,
          0.3160768354661016,
          0.31322512271852904,
          0.30437013659943807
        ],
        "8": [
          2.1938477573636552,
          0.2855164790934998,
          0.27972019843117535,
          0.27718879739121144,
          0.27482202326758715,
          0.26902276314247275,
          0.262062459648522
        ],
        "9": [
          2.155853794000975,
          0.24881384739859952,
          0.24764346780509713,
          0.24360728989777952,
          0.24220389902203285,
          0.23956781323454435,
          0.23715444915349146,
          0.23522294913772257
        ],
        "10": [
          2.1233106623238163,
          0.22532195644238096,
          0.2224593125409728,
          0.22097663268217538,
          0.22007479212574171,
          0.21630653163018684,
          0.21133647344479659,
          0.20817806126456473,
          0.20691702099324139
        ]
      },
      "fixed_points": [
        3
      ],
      "claims": {
        "a": {
          "statement": "F(1) = F(2) = 0",
          "verified": true
        },
        "b": {
          "statement": "F(N) = 3 for all N >= 3 (tested up to N=10)",
          "verified": true
        },
        "c": {
          "statement": "N* = 3 is the unique fixed point",
          "verified": true
        }
      },
      "all_verified": true
    },
    "z3_reduction_mechanism": {
      "comparison_table": [
        {
          "N": 1,
          "fisher_rank": "0",
          "internal_dof": 0,
          "z3_sectors": 0,
          "F_N": 0,
          "is_fixed_point": false,
          "explanation": "Fisher degenerate \u2192 no distinguishability"
        },
        {
          "N": 2,
          "fisher_rank": "0",
          "internal_dof": 1,
          "z3_sectors": 0,
          "F_N": 0,
          "is_fixed_point": false,
          "explanation": "Fisher degenerate \u2192 no distinguishability"
        },
        {
          "N": 3,
          "fisher_rank": "2",
          "internal_dof": 2,
          "z3_sectors": 3,
          "F_N": 3,
          "is_fixed_point": true,
          "explanation": "Fisher OK, Z\u2083 sectors = N \u2192 FIXED POINT"
        },
        {
          "N": 4,
          "fisher_rank": "3",
          "internal_dof": 3,
          "z3_sectors": 3,
          "F_N": 3,
          "is_fixed_point": false,
          "explanation": "Fisher rank=3 BUT Z\u2083 limits to 3"
        },
        {
          "N": 5,
          "fisher_rank": "4",
          "internal_dof": 4,
          "z3_sectors": 3,
          "F_N": 3,
          "is_fixed_point": false,
          "explanation": "Fisher rank=4 BUT Z\u2083 limits to 3"
        },
        {
          "N": 6,
          "fisher_rank": "5",
          "internal_dof": 5,
          "z3_sectors": 3,
          "F_N": 3,
          "is_fixed_point": false,
          "explanation": "Fisher rank=5 BUT Z\u2083 limits to 3"
        },
        {
          "N": 7,
          "fisher_rank": "6",
          "internal_dof": 6,
          "z3_sectors": 3,
          "F_N": 3,
          "is_fixed_point": false,
          "explanation": "Fisher rank=6 BUT Z\u2083 limits to 3"
        },
        {
          "N": 8,
          "fisher_rank": "7",
          "internal_dof": 7,
          "z3_sectors": 3,
          "F_N": 3,
          "is_fixed_point": false,
          "explanation": "Fisher rank=7 BUT Z\u2083 limits to 3"
        },
        {
          "N": 9,
          "fisher_rank": "8",
          "internal_dof": 8,
          "z3_sectors": 3,
          "F_N": 3,
          "is_fixed_point": false,
          "explanation": "Fisher rank=8 BUT Z\u2083 limits to 3"
        },
        {
          "N": 10,
          "fisher_rank": "9",
          "internal_dof": 9,
          "z3_sectors": 3,
          "F_N": 3,
          "is_fixed_point": false,
          "explanation": "Fisher rank=9 BUT Z\u2083 limits to 3"
        }
      ],
      "key_insight": "\nKEY INSIGHT (from multi-agent verification):\n\nThe observer's internal configuration space T^{N-1} has dimension N-1, and the\nFisher metric is non-degenerate (full rank) for N >= 3. This COULD allow\ndistinguishing N-1 independent phase directions.\n\nHOWEVER, the PHYSICAL gauge group is SU(3), which has:\n- Cartan torus T\u00b2 (always 2-dimensional, regardless of N)\n- Center Z\u2083 = {1, \u03c9, \u03c9\u00b2}\n\nZ\u2083 superselection (Prop 0.0.17h) partitions the configuration space into exactly\n3 sectors. This is a property of SU(3), not of the observer's internal complexity.\n\nCONCLUSION:\n- F(N) = 3 for all N >= 3 is DERIVED from Z\u2083 = center(SU(3))\n- NOT hard-coded or assumed\n- The \"information bottleneck\" is the gauge group structure\n",
      "all_verified": true
    }
  },
  "overall_status": "VERIFIED"
}