{
  "mean_ratio": -0.19447881804632242,
  "std_ratio": 0.014035795060625331,
  "analysis_results": {
    "empirical_coefficient": -0.16657003264255318,
    "slope_from_fit": -0.11461353786387662,
    "intercept_from_fit": 0.06748669448381774
  }
}