{
  "kappa_estimates": {
    "eigenmode": 0.17153390765101612,
    "simple": 0.12689867798527274,
    "target": 0.13,
    "best": 0.12689867798527274,
    "uncertainty": 0.022317614832871688
  },
  "K_estimates": {
    "best": 3.5027134562100217,
    "from_casimir": {}
  },
  "final_prediction": {
    "kappa": 0.12689867798527274,
    "kappa_uncertainty": 0.022317614832871688,
    "K": 3.5027134562100217,
    "alpha": 0.9911247284194645,
    "c_V": 3.1217033324900716,
    "M_V": 777.407078157948,
    "M_V_uncertainty": 6.673985096162653,
    "M_rho": 775.26,
    "deviation_percent": 0.2769494308938994
  },
  "sensitivity": {
    "kappa_range": [
      0.12,
      0.18
    ],
    "K_range": [
      2.0,
      5.0
    ],
    "M_V_range": [
      754.5345400725977,
      802.1644229339812
    ]
  }
}