{
  "R": 0.44847,
  "K": 3.5027134562100217,
  "eigenmode": {
    "O": 0.003911602606016497,
    "O_error": 6.609711045033393e-06,
    "V_overlap": 0.022803669895835463,
    "O_normalized": 0.17153390765101612,
    "kappa_method1": 0.17153390765101612,
    "kappa_method2": 0.043366516396699285,
    "alpha_method1": 1.339742070875424,
    "cV_method1": 3.0364954151499903,
    "M_V_method1": 766.7238827459583
  },
  "simple": {
    "O": 0.002974610767162293,
    "O_error": 1.1379084687444607e-05,
    "V_overlap": 0.023440833382893964,
    "O_normalized": 0.12689867798527274,
    "kappa_method1": 0.12689867798527274
  },
  "best_estimate": {
    "kappa": 0.17153390765101612,
    "kappa_uncertainty": 0.044635229665743376
  },
  "target": {
    "kappa": 0.13,
    "M_rho": 775.26
  }
}