{
  "R": 0.44847,
  "K": 3.5027134562100217,
  "alpha_self_consistent": 2766223.0753220036,
  "fem": {
    "kappa": 298820.32038785657,
    "kappa_uncertainty": 121792.21151662499,
    "cV": 2.683000271858133,
    "M_V": 720.7141268434625,
    "M_V_uncertainty": 119.3679015421265,
    "O": 7001.3629577614265,
    "O_normalized": 298820.32038785657,
    "eigenvalue_plus": 532.2485379812273,
    "eigenvalue_minus": 519.5475487290981
  },
  "target": {
    "kappa": 0.13,
    "M_rho": 775.26
  },
  "deviation_percent": -7.035816778440457
}