{
  "R": 0.44847,
  "K": 3.5027134562100217,
  "method1_target": {
    "alpha": 0.45535274930730285,
    "kappa": 0.8319325884695619,
    "cV": 2.8713214425228846,
    "M_V": 745.5788565084383
  },
  "method2_self_consistent": {
    "alpha": 3.167618854981722,
    "kappa": 0.9037473361671103,
    "cV": 2.8582379853458857,
    "M_V": 743.8782655535538
  },
  "best_estimate": {
    "kappa": 0.8678399623183362,
    "kappa_uncertainty": 0.03590737384877424,
    "cV": 2.8645442959551213,
    "cV_uncertainty": 0.00654172858849944,
    "M_V": 744.6984461491185,
    "M_V_uncertainty": 0.8502954774422733
  },
  "target": {
    "kappa": 0.13,
    "M_rho": 775.26
  }
}