{
  "theorem": "1.1.2",
  "title": "Geometric Opposition as Charge Conjugation",
  "all_passed": true,
  "passed_count": 13,
  "total_count": 13,
  "results": [
    {
      "test": "charge_conjugation_negation",
      "passed": true,
      "results": {
        "R": {
          "w_quark": [
            0.5,
            0.3333333333333333
          ],
          "w_antiquark": [
            -0.5,
            -0.3333333333333333
          ],
          "C(w_quark)": [
            -0.5,
            -0.3333333333333333
          ],
          "error": 0.0,
          "matches": true
        },
        "G": {
          "w_quark": [
            -0.5,
            0.3333333333333333
          ],
          "w_antiquark": [
            0.5,
            -0.3333333333333333
          ],
          "C(w_quark)": [
            0.5,
            -0.3333333333333333
          ],
          "error": 0.0,
          "matches": true
        },
        "B": {
          "w_quark": [
            0.0,
            -0.6666666666666666
          ],
          "w_antiquark": [
            0.0,
            0.6666666666666666
          ],
          "C(w_quark)": [
            -0.0,
            0.6666666666666666
          ],
          "error": 0.0,
          "matches": true
        }
      },
      "note": "Charge conjugation acts as negation: C(w) = -w"
    },
    {
      "test": "involution_property",
      "passed": true,
      "results": [
        {
          "color": "R",
          "original": [
            0.5,
            0.3333333333333333
          ],
          "C(w)": [
            -0.5,
            -0.3333333333333333
          ],
          "C\u00b2(w)": [
            0.5,
            0.3333333333333333
          ],
          "error": 0.0,
          "C\u00b2_equals_I": true
        },
        {
          "color": "G",
          "original": [
            -0.5,
            0.3333333333333333
          ],
          "C(w)": [
            0.5,
            -0.3333333333333333
          ],
          "C\u00b2(w)": [
            -0.5,
            0.3333333333333333
          ],
          "error": 0.0,
          "C\u00b2_equals_I": true
        },
        {
          "color": "B",
          "original": [
            0.0,
            -0.6666666666666666
          ],
          "C(w)": [
            -0.0,
            0.6666666666666666
          ],
          "C\u00b2(w)": [
            0.0,
            -0.6666666666666666
          ],
          "error": 0.0,
          "C\u00b2_equals_I": true
        }
      ],
      "note": "C\u00b2 = Identity (charge conjugation is involutory)"
    },
    {
      "test": "point_reflection_involution",
      "passed": true,
      "results": [
        {
          "vertex": "R",
          "original": [
            0.5773502691896258,
            0.5773502691896258,
            0.5773502691896258
          ],
          "I(v)": [
            -0.5773502691896258,
            -0.5773502691896258,
            -0.5773502691896258
          ],
          "I\u00b2(v)": [
            0.5773502691896258,
            0.5773502691896258,
            0.5773502691896258
          ],
          "error": 0.0,
          "I\u00b2_equals_I": true
        },
        {
          "vertex": "G",
          "original": [
            0.5773502691896258,
            -0.5773502691896258,
            -0.5773502691896258
          ],
          "I(v)": [
            -0.5773502691896258,
            0.5773502691896258,
            0.5773502691896258
          ],
          "I\u00b2(v)": [
            0.5773502691896258,
            -0.5773502691896258,
            -0.5773502691896258
          ],
          "error": 0.0,
          "I\u00b2_equals_I": true
        },
        {
          "vertex": "B",
          "original": [
            -0.5773502691896258,
            0.5773502691896258,
            -0.5773502691896258
          ],
          "I(v)": [
            0.5773502691896258,
            -0.5773502691896258,
            0.5773502691896258
          ],
          "I\u00b2(v)": [
            -0.5773502691896258,
            0.5773502691896258,
            -0.5773502691896258
          ],
          "error": 0.0,
          "I\u00b2_equals_I": true
        },
        {
          "vertex": "apex",
          "original": [
            -0.5773502691896258,
            -0.5773502691896258,
            0.5773502691896258
          ],
          "I(v)": [
            0.5773502691896258,
            0.5773502691896258,
            -0.5773502691896258
          ],
          "I\u00b2(v)": [
            -0.5773502691896258,
            -0.5773502691896258,
            0.5773502691896258
          ],
          "error": 0.0,
          "I\u00b2_equals_I": true
        }
      ],
      "note": "I\u00b2 = Identity (point reflection is involutory)"
    },
    {
      "test": "inversion_matrix_properties",
      "passed": true,
      "determinant": -1.0,
      "det_equals_minus_one": true,
      "I_squared_is_identity": true,
      "commutes_with_R_z": true,
      "commutes_with_R_x": true,
      "note": "I = -I_3: det=-1, I\u00b2=I, [I,R]=0 for all rotations"
    },
    {
      "test": "geometric_correspondence",
      "passed": true,
      "results": [
        {
          "quark": "R",
          "v_quark": [
            0.5773502691896258,
            0.5773502691896258,
            0.5773502691896258
          ],
          "I(v_quark)": [
            -0.5773502691896258,
            -0.5773502691896258,
            -0.5773502691896258
          ],
          "v_antiquark": [
            -0.5773502691896258,
            -0.5773502691896258,
            -0.5773502691896258
          ],
          "vertex_match_error": 0.0,
          "w_quark": [
            0.5,
            0.3333333333333333
          ],
          "C(w_quark)": [
            -0.5,
            -0.3333333333333333
          ],
          "w_antiquark": [
            -0.5,
            -0.3333333333333333
          ],
          "weight_match_error": 0.0,
          "correspondence": true
        },
        {
          "quark": "G",
          "v_quark": [
            0.5773502691896258,
            -0.5773502691896258,
            -0.5773502691896258
          ],
          "I(v_quark)": [
            -0.5773502691896258,
            0.5773502691896258,
            0.5773502691896258
          ],
          "v_antiquark": [
            -0.5773502691896258,
            0.5773502691896258,
            0.5773502691896258
          ],
          "vertex_match_error": 0.0,
          "w_quark": [
            -0.5,
            0.3333333333333333
          ],
          "C(w_quark)": [
            0.5,
            -0.3333333333333333
          ],
          "w_antiquark": [
            0.5,
            -0.3333333333333333
          ],
          "weight_match_error": 0.0,
          "correspondence": true
        },
        {
          "quark": "B",
          "v_quark": [
            -0.5773502691896258,
            0.5773502691896258,
            -0.5773502691896258
          ],
          "I(v_quark)": [
            0.5773502691896258,
            -0.5773502691896258,
            0.5773502691896258
          ],
          "v_antiquark": [
            0.5773502691896258,
            -0.5773502691896258,
            0.5773502691896258
          ],
          "vertex_match_error": 0.0,
          "w_quark": [
            0.0,
            -0.6666666666666666
          ],
          "C(w_quark)": [
            -0.0,
            0.6666666666666666
          ],
          "w_antiquark": [
            0.0,
            0.6666666666666666
          ],
          "weight_match_error": 0.0,
          "correspondence": true
        }
      ],
      "note": "3D point reflection \u2194 2D weight negation (commutative diagram)"
    },
    {
      "test": "commutative_diagram",
      "passed": true,