{
  "convergence": {
    "r_values": [
      2,
      5,
      10,
      20,
      50,
      100,
      200,
      500,
      1000
    ],
    "monopole": [
      0.7272915236160304,
      0.010433862914964887,
      0.0006121543172691859,
      3.7686684620907916e-05,
      9.607610122761546e-07,
      6.00118827030045e-08,
      3.750185635557441e-09,
      9.600076032691869e-11,
      6.000011880027025e-12
    ],
    "deviation": [
      0.29999124488947215,
      0.008539048735529174,
      0.00053876343715598,
      3.374340347822556e-05,
      8.643216317378189e-07,
      5.4024445132897445e-08,
      3.3765956359724875e-09,
      8.644133829406837e-11,
      5.402591208190673e-12
    ],
    "expected_monopole": [
      0.375,
      0.0096,
      0.0006,
      3.75e-05,
      9.6e-07,
      6e-08,
      3.75e-09,
      9.6e-11,
      6e-12
    ]
  },
  "multipole_results": {
    "r_values": [
      5,
      10,
      20,
      50
    ],
    "monopole": [
      0.0013879002888408682,
      4.799846260452175e-06,
      1.8197394135976747e-08,
      1.18269399120929e-11
    ],
    "deviation": [
      0.00115913239965483,
      0.0010022920979974646,
      0.0009954665423838242,
      0.0009950332502346388
    ]
  },
  "conclusion": {
    "birkhoff_applicable": true,
    "first_nonvanishing_multipole": 4,
    "deviation_scaling": "r^{-4}",
    "physical_interpretation": "For astrophysical BHs, deviation < 10^{-72}"
  }
}