{
  "omega_0": 2.042786942738475,
  "f_pi_pdg2024": 92.07,
  "r_proton_codata2022": 0.84087,
  "lambda_450": 11.706555671175858,
  "lambda_500": 14.452537865649209,
  "B_quarter_450": 121.63967032316599,
  "B_quarter_500": 128.21947068439812,
  "B_eff_quarter_450": 80.45707930874524,
  "B_eff_quarter_500": 84.80920816681355,
  "R_proton_450": 2.0495372833592485,
  "R_proton_500": 1.944361789454742,
  "trace_anomaly_B_quarter": 241.02852568339551,
  "suppression_factor": 0.19140625
}