{
  "analytical": {
    "G": 0.0008513801229240632,
    "alpha": 2.0943951023931953,
    "cos_theta_avg": 0.5,
    "R_sol": 0.0040650406504065045,
    "R_h": 5.0,
    "scale_ratio": 0.0008130081300813009,
    "I_profile": 1.5707963267948966,
    "numerical_factor": 1.0
  },
  "numerical": {
    "G": 0.0008513801228955265,
    "I_jQ": 0.9999999999664819,
    "total_charge": 0.9999999999664819,
    "grad_phi": 0.41887902047863906,
    "cos_theta_avg": 0.5,
    "R_sol": 0.0040650406504065045,
    "R_h": 5.0
  },
  "monte_carlo": {
    "mean": 0.0008882263269656836,
    "std": 0.00043528015439395744,
    "median": 0.0008112291242178434,
    "percentile_16": 0.0004920725552971127,
    "percentile_84": 0.0012753315272094985,
    "min": 0.00012385528800287467,
    "max": 0.011080241832784934
  },
  "summary": {
    "G_central": 0.0008513801229240632,
    "G_low": 0.0004920725552971127,
    "G_high": 0.0012753315272094985,
    "G_conservative_range": "(0.3 - 1.4) \u00d7 10\u207b\u00b3",
    "physical_origin": "Scale ratio R_sol/R_h ~ 10\u207b\u00b3",
    "uncertainty_dominated_by": "Orientation averaging and profile shape"
  }
}