{
  "Schwarzschild": {
    "type": "Schwarzschild",
    "M": 1.989e+31,
    "r_H": 29538.451473764362,
    "A": 10964411139.453493,
    "kappa": 1521407445475.4373,
    "T_H": 6.170108789674934e-09,
    "S": 1.049014628439994e+79,
    "gamma": 0.25
  },
  "Kerr_a0.5": {
    "type": "Kerr",
    "M": 1.989e+31,
    "a_star": 0.5,
    "r_H": 27559.750419249096,
    "A": 10229934861.87865,
    "kappa": 706087652727.7556,
    "T_H": 2.8635574548637926e-09,
    "S": 9.787439728052614e+78,
    "Omega_H": 2719.545672940899,
    "gamma": 0.25
  },
  "Kerr_a0.9": {
    "type": "Kerr",
    "M": 1.989e+31,
    "a_star": 0.9,
    "r_H": 21206.981983023124,
    "A": 7871843576.342216,
    "kappa": 461850266712.8972,
    "T_H": 1.8730461709213232e-09,
    "S": 7.531347520032869e+78,
    "Omega_H": 6361.584128661015,
    "gamma": 0.25
  },
  "Kerr_a0.99": {
    "type": "Kerr",
    "M": 1.989e+31,
    "a_star": 0.99,
    "r_H": 16852.681417825017,
    "A": 6255565835.310637,
    "kappa": 188087871995.95758,
    "T_H": 7.627954205724623e-10,
    "S": 5.984981762310486e+78,
    "Omega_H": 8805.779704767743,
    "gamma": 0.25
  },
  "RN_Q0.5": {
    "type": "Reissner-Nordstr\u00f6m",
    "M": 1.989e+31,
    "Q_star": 0.5,
    "r_H": 27559.750419249096,
    "A": 9544659165.662807,
    "kappa": 706087652727.7556,
    "T_H": 2.8635574548637926e-09,
    "S": 9.131805585277618e+78,
    "Phi_H": 2.408328413367701e+16,
    "gamma": 0.25
  },
  "RN_Q0.9": {
    "type": "Reissner-Nordstr\u00f6m",
    "M": 1.989e+31,
    "Q_star": 0.9,
    "r_H": 21206.981983023124,
    "A": 5651550320.602883,
    "kappa": 461850266712.8972,
    "T_H": 1.8730461709213232e-09,
    "S": 5.407092897441881e+78,
    "Phi_H": 5.633582095540073e+16,
    "gamma": 0.25
  },
  "RN_Q0.99": {
    "type": "Reissner-Nordstr\u00f6m",
    "M": 1.989e+31,
    "Q_star": 0.99,
    "r_H": 16852.681417825017,
    "A": 3569010995.866046,
    "kappa": 188087871995.95758,
    "T_H": 7.627954205724623e-10,
    "S": 3.4146336689753914e+78,
    "Phi_H": 7.798070713008274e+16,
    "gamma": 0.25
  },
  "KN_a0.5_Q0.5": {
    "type": "Kerr-Newman",
    "M": 1.989e+31,
    "a_star": 0.5,
    "Q_star": 0.5,
    "r_H": 25212.645408306456,
    "A": 8673434607.723347,
    "kappa": 630187597811.3313,
    "T_H": 2.5557427420008005e-09,
    "S": 8.298265786094006e+78,
    "gamma": 0.25
  },
  "KN_a0.7_Q0.3": {
    "type": "Kerr-Newman",
    "M": 1.989e+31,
    "a_star": 0.7,
    "Q_star": 0.3,
    "r_H": 24340.7779685807,
    "A": 8788381594.365683,
    "kappa": 598264806854.5807,
    "T_H": 2.4262790052096014e-09,
    "S": 8.408240748679107e+78,
    "gamma": 0.25
  },
  "KN_a0.3_Q0.7": {
    "type": "Kerr-Newman",
    "M": 1.989e+31,
    "a_star": 0.3,
    "Q_star": 0.7,
    "r_H": 24340.7779685807,
    "A": 7691940480.420332,
    "kappa": 598264806854.5807,
    "T_H": 2.4262790052096014e-09,
    "S": 7.3592261202391125e+78,
    "gamma": 0.25
  },
  "deSitter": {
    "type": "de Sitter",
    "Lambda": 1.1e-52,
    "r_H": 1.651445647689541e+26,
    "A": 3.42719198573432e+53,
    "kappa": 5.442506698645934e-10,
    "T_GH": 2.2072232207780487e-30,
    "S": 3.278949030441784e+122,
    "gamma": 0.25
  },
  "SdS": {
    "type": "Schwarzschild-de Sitter",
    "M": 1.989e+31,
    "Lambda": 1.1e-52,
    "r_BH": 29538.451473764362,
    "r_C": 1.651445647689541e+26,
    "A_BH": 10964411139.453493,
    "A_C": 3.42719198573432e+53,
    "S_BH": 1.049014628439994e+79,
    "S_C": 3.278949030441784e+122,
    "gamma_BH": 0.25,
    "gamma_C": 0.25
  }
}