{
  "epsilon_required": 2.1041205741626793e-13,
  "epsilon_naive": 4.6060350877192994e-14,
  "kappa_W": 0.1666666666666667,
  "xi_eff": 4.568181818181817,
  "enhancement_sources": [
    [
      "CP phase structure",
      1.0
    ],
    [
      "Entropy dilution",
      1.0
    ],
    [
      "Boundary effects",
      1.0
    ],
    [
      "Sphaleron survival",
      2.0
    ],
    [
      "Chiral projection",
      1.7320508075688772
    ],
    [
      "Singlet vs triplet",
      3.0
    ]
  ],
  "total_enhancement": 10.392304845413264,
  "derivation": {
    "v_ratio_sqrt": 0.7598356856515927,
    "solid_angle_factor": 0.5,
    "N_c": 3,
    "eta_boundary": 0.69,
    "f_geom": 0.7864299346493984,
    "epsilon_derived": 2.173394323816754e-13
  },
  "resolution": {
    "status": "RESOLVED",
    "xi_eff_explained": true,
    "physical_origin": [
      "singlet_enhancement",
      "chiral_coupling_power",
      "boundary_efficiency"
    ],
    "formula": "\u03b5_W = \u03b7_B \u00d7 (m_p/M_W) \u00d7 f_geom",
    "f_geom": 0.7864299346493984,
    "epsilon_derived": 2.173394323816754e-13
  }
}