{
  "verification_date": "2025-12-15",
  "verdict": "\u2705 FULLY VERIFIED",
  "confidence": "HIGH (100%)",
  "constants": {
    "c": 299792458.0,
    "hbar": 1.0545718176461565e-34,
    "G_obs": 6.6743e-11,
    "k_B": 1.380649e-23,
    "M_P": 2.1764343427178984e-08,
    "M_P_GeV": 1.2208901296987922e+19,
    "l_P": 1.6162550244237053e-35,
    "f_chi_SI": 4.341358399139358e-09,
    "f_chi_GeV": 2.4353234623081856e+18
  },
  "unification_results": {
    "newton_constant": {
      "G_5.2.1": 6.6743e-11,
      "G_5.2.3": 6.6743e-11,
      "G_5.2.4": 6.6743e-11,
      "max_relative_error": 0.0,
      "consistent": true
    },
    "gravitational_coupling": {
      "kappa_5.2.1": 2.0766474428449717e-43,
      "kappa_5.2.3": 2.0766474428449717e-43,
      "kappa_5.2.4": 2.0766474428449717e-43,
      "max_relative_error": 0.0,
      "consistent": true
    },
    "weak_field_metric": {
      "g00_5.2.1": -0.9999957555652944,
      "g00_5.2.4": -0.9999957555652944,
      "gij_5.2.1": 1.0000042444347055,
      "gij_5.2.4": 1.0000042444347055,
      "g00_consistent": 