{
  "prediction": "8.1.2",
  "title": "Mass Ratio Correlations from Geometry",
  "timestamp": "2025-12-15T14:46:39.059167",
  "sections": {
    "mass_ratios": {
      "m_u/m_d": 0.46252676659528913,
      "m_c/m_s": 13.597430406852249,
      "m_t/m_b": 41.313397129186605,
      "m_d/m_s": 0.049999999999999996,
      "m_s/m_b": 0.022344497607655504,
      "m_d/m_b": 0.0011172248803827751,
      "m_u/m_c": 0.0017007874015748032,
      "m_c/m_t": 0.007354218541895883,
      "m_u/m_t": 1.2507962244484336e-05,
      "m_e/m_mu": 0.004834437086092715,
      "m_mu/m_tau": 0.05948227349465392,
      "m_e/m_tau": 0.0002875633089476646,
      "m_d/m_e": 9.13894324853229,
      "m_s/m_mu": 0.8836329233680227,
      "m_b/m_tau": 2.3522791221159256
    },
    "hierarchy": {
      "description": "Verification of \u03bb\u00b2\u207f hierarchy pattern",
      "lambda_geometric": 0.2245139882897927,
      "lambda_squared": 0.05040653093778917,
      "lambda_fourth": 0.0025408183611822966,
      "tests": [
        {
          "name": "Gatto relation (down sector)",
          "formula": "V_us = \u221a(m_d/m_s)",
          "predicted": 0.2245139882897927,
          "observed": 0.22360679774997896,
          "agreement": 0.40406860468879224,
          "status": "PASS"
        },
        {
          "name": "Up sector hierarchy",
          "formula": "\u221a(m_u/m_c) = \u03bb_u",
          "observed_lambda_u": 0.041240603797408244,
          "lambda_geometric": 0.2245139882897927,
          "ratio_lambdas": 0.18368834882651813,
          "note": "\u03bb_u \u2260 \u03bb_d due to electroweak structure (see \u00a714.2 of Applications)"
        },
        {
          "name": "Charged lepton hierarchy",
          "formula": "\u221a(m_e/m_\u03bc)",
          "observed": 0.06953011639636968,
          "predicted_if_lambda": 0.2245139882897927,
          "predicted_if_lambda_sq": 0.05040653093778917,
          "note": "Lepton hierarchy is steeper than quark hierarchy"
        },
        {
          "name": "Full three-generation pattern",
          "down_sector": {
            "m_d/m_b_observed": 0.0011172248803827751,
            "m_d/m_b_predicted": 0.0025408183611822966,
            "agreement_percent": 56.02893550159537
          },
          "up_sector": {
            "m_u/m_t_observed": 1.2507962244484336e-05,
            "note": "Much steeper hierarchy due to electroweak effects"
          },
          "lepton_sector": {
            "m_e/m_tau_observed": 0.0002875633089476646,
            "note": "Different hierarchy parameter for leptons"
          }
        }
      ]
    },
    "quark_lepton": {
      "description": "Quark-lepton mass correlations",
      "color_factor_prediction": 3,
      "tests": [
        {
          "generation": 1,
          "quark": "d",
          "lepton": "e",
          "m_q/m_l_observed": 9.13894324853229,
          "m_q/m_l_predicted_N_c": 3,
          "agreement": "Within factor of 3"
        },
        {
          "generation": 2,
          "quark": "s",
          "lepton": "\u03bc",
          "m_q/m_l_observed": 0.8836329233680227,
          "note": "Close to unity - isospin effects"
        },
        {
          "generation": 3,
          "quark": "b",
          "lepton": "\u03c4",
          "m_q/m_l_observed": 2.3522791221159256,
          "b_tau_unification": 135.22791221159255,
          "note": "Near-equality at GUT scale (b-\u03c4 unification)"
        },
        {
          "name": "Georgi-Jarlskog relation",
          "formula": "m_\u03bc/m_s \u2248 3 at M_GUT",
          "observed_at_2GeV": 1.13169164882227,
          "note": "RG running from GUT scale modifies this ratio"
        }
      ]
    },
    "golden_ratio": {
      "description": "Golden ratio sum rules in mass spectrum",
      "golden_ratio": 1.618033988749895,
      "tests": [
        {
          "name": "Wolfenstein parameter from golden ratio",
          "formula": "\u03bb = (1/\u03c6\u00b3)\u00d7sin(72\u00b0)",
          "computed": 0.2245139882897927,
          "pdg_value": 0.2265,
          "agreement_percent": 0.8768263621224367
        },
        {
          "name": "Strange/down ratio from golden ratio",
          "formula": "m_s/m_d = \u03c6\u2076/sin\u00b2(72\u00b0)",
          "predicted": 19.838699100999083,
          "observed": 20.0,
          "agreement_percent": 0.8065044950045851
        },
        {
          "name": "Koide formula for charged leptons",
          "formula": "Q = (m_e + m_\u03bc + m_\u03c4)/(\u221am_e + \u221am_\u03bc + \u221am_\u03c4)\u00b2",
          "predicted": 0.6666666666666666,
          "observed": 0.66663234501809,
          "agreement_percent": 0.005148247286496099,
          "note": "Koide formula holds to 0.01% - remarkable precision"
        },
        {
          "name": "Koide angle",
          "koide_angle_degrees": 61.87607098250713,
          "phi_related_angle": 68.75388202501892,
          "note": "Possible connection to golden ratio geometry"
        }
      ]
    },
    "predictions": {
      "description": "Mass predictions from geometric framework",
      "input_parameters": {
        "lambda": 0.2245139882897927,
        "m_t_input": 172.69
      },
      "predictions": [
        {
          "sector": "up-type quarks",
          "hierarchy_parameter": 0.041240603797408244,
          "masses": {
            "m_t": 172.69,
            "m_c_predicted": 0.2937089763779528,
            "m_c_observed": 1.27,
            "m_u_predicted": 0.0004995365267530536,
            "m_u_observed": 0.00216
          }
        },
        {
          "sector": "down-type quarks",
          "hierarchy_parameter": 0.2245139882897927,
          "masses": {
            "m_b": 4.18,
            "m_s_predicted": 0.21069929931995873,
            "m_s_observed": 0.0934,
            "m_d_predicted": 0.010620620749741998,
            "m_d_observed": 0.00467
          },
          "agreement": {
            "m_s_agreement": 125.58811490359606,
            "m_d_agreement": 127.42228586171305
          }
        },
        {
          "sector": "charged leptons",
          "hierarchy_parameter": 0.06953011639636968,
          "masses": {
            "m_tau": 1.777,
            "m_mu_predicted": 0.008590794701986754,
            "m_mu_observed": 0.1057,
            "m_e_predicted": 4.153165650629358e-05,
            "m_e_observed": 0.000511
          },
          "note": "Lepton \u03bb_l \u2248 0.070 differs from quark \u03bb_d \u2248 0.22"
        }
      ]
    },
    "parameters": {
      "description": "Extracted hierarchy parameters from observed masses",
      "sectors": {
        "down_quarks": {
          "\u03bb_12": 0.22360679774997896,
          "\u03bb_23": 0.14948075999156382,
          "ratio_\u03bb12/\u03bb23": 1.4958901584565034,
          "geometric_prediction": 0.2245139882897927,
          "note": "\u03bb_12 \u2248 \u03bb_23 indicates universal hierarchy parameter"
        },
        "up_quarks": {
          "\u03bb_12": 0.041240603797408244,
          "\u03bb_23": 0.08575674050414861,
          "ratio_\u03bb12/\u03bb23": 0.4809021839561774,
          "note": "Up sector has steeper hierarchy than down sector"
        },
        "charged_leptons": {
          "\u03bb_12": 0.06953011639636968,
          "\u03bb_23": 0.24388987985288343,
          "ratio_\u03bb12/\u03bb23": 0.28508815715646285,
          "note": "Lepton hierarchy is much steeper than quark hierarchy"
        }
      },
      "comparison": {
        "\u03bb_d (down quarks)": 0.22360679774997896,
        "\u03bb_u (up quarks)": 0.041240603797408244,
        "\u03bb_l (leptons)": 0.06953011639636968,
        "\u03bb_geometric": 0.2245139882897927,
        "\u03bb_d/\u03bb_u": 5.422005915539759,
        "\u03bb_d/\u03bb_l": 3.2159704217272673
      }
    },
    "ckm_mass": {
      "description": "CKM-mass connection verification",
      "tests": [
        {
          "name": "Gatto relation",
          "formula": "V_us = \u221a(m_d/m_s)",