{
  "all_ratios": {
    "e600/e24": 0.6180339887546794,
    "e24/e600": 1.6180339887373687,
    "e600/e16": 0.4370160244522042,
    "e16/e600": 2.2882456112530227,
    "e24/e16": 0.7071067811865475,
    "e16/e24": 1.4142135623730951,
    "(e600/e24)\u00b2": 0.3819660112560192,
    "(e600/e24)\u00b3": 0.2360679775052723,
    "(e600/e16)\u00b2": 0.19098300562800954,
    "R24/R600": 0.9999999999719904,
    "R16/R24": 1.0,
    "R16/R600": 0.9999999999719904,
    "r24/r600": 0.7639320224855898,
    "r16/r24": 0.7071067811865476,
    "r16/r600": 0.5401815134651147,
    "r24/R24": 0.7071067811865475,
    "r16/R16": 0.5,
    "r600/R600": 0.9256147934027467,
    "(r/R)16/(r/R)24": 0.7071067811865476,
    "(r/R)24/(r/R)600": 0.7639320225069873,
    "V24/V600": 0.5177708763535573,
    "V16/V24": 0.33333333333333404,
    "V16/V600": 0.17259029211785282,
    "3\u00d7V16/V24": 1.000000000000002,
    "5\u00d7V24/V600": 2.5888543817677867,
    "15\u00d7V16/V600": 2.5888543817677925,
    "(V24/V600)^(1/4)": 0.8482705794420191,
    "(V16/V24)^(1/4)": 0.759835685651593,
    "(V16/V24)^(1/3)": 0.6933612743506352,
    "(V24/V600)^(1/3)": 0.8029944424261818,
    "frame_ratio": 0.3333333333333333,
    "d_avg(\u03930,\u03931)": 1.3660254037844384,
    "d_min(\u03930,\u03931)": 1.0,
    "d_avg(\u03930,\u03932)": 1.3660254037844384,
    "d_min(\u03930,\u03932)": 1.0,
    "d_avg(\u03931,\u03932)": 1.3660254037844384,
    "d_min(\u03931,\u03932)": 1.0,
    "proj_ratio_0.0": 0.0,
    "proj_ratio_0.866025": 0.866025,
    "proj_ratio_1.0": 1.0
  },
  "phi_matches": [
    [
      "600-cell dist 0.6180",
      0.6180339887546794,
      [
        [
          "1/\u03c6",
          0.6180339887498948,
          7.741673166879512e-10
        ]
      ]
    ],
    [
      "600-cell dist 1.6180",
      1.618033988782689,
      [
        [
          "\u03c6",
          1.618033988749895,
          2.02678002897329e-09
        ]
      ]
    ],
    [
      "600-cell dist 1.9021",
      1.9021130326182034,
      [
        [
          "\u221a(2+\u03c6)",
          1.902113032590307,
          1.4665980105904638e-09
        ]
      ]
    ],
    [
      "e600/e24",
      0.6180339887546794,
      [
        [
          "1/\u03c6",
          0.6180339887498948,
          7.741673166879512e-10
        ]
      ]
    ],
    [
      "e24/e600",
      1.6180339887373687,
      [
        [
          "\u03c6",
          1.618033988749895,
          7.741618769895945e-10
        ]
      ]
    ],
    [
      "(e600/e24)\u00b2",
      0.3819660112560192,
      [
        [
          "1/\u03c6\u00b2",
          0.38196601125010515,
          1.548317613528007e-09
        ]
      ]
    ],
    [
      "(e600/e24)\u00b3",
      0.2360679775052723,
      [
        [
          "1/\u03c6\u00b3",
          0.2360679774997897,
          2.322472713399383e-09
        ]
      ]
    ],
    [
      "V16/V24",
      0.33333333333333404,
      [
        [
          "1/3",
          0.3333333333333333,
          2.1649348980190553e-13
        ]
      ]
    ],
    [
      "frame_ratio",
      0.3333333333333333,
      [
        [
          "1/3",
          0.3333333333333333,
          0.0
        ]
      ]
    ],
    [
      "proj_ratio_0.866025",
      0.866025,
      [
        [
          "\u221a3/2",
          0.8660254037844386,
          4.6625010858495514e-05
        ]
      ]
    ]
  ],
  "factor2_candidates": []
}