{
  "verification_date": "2026-01-22",
  "proposition": "3.1.2b",
  "title": "4D Extension from Radial Field Structure",
  "all_passed": true,
  "breakthrough_formula": {
    "phi": 1.618033988749895,
    "phi_cubed": 4.23606797749979,
    "sin_72": 0.9510565162951535,
    "lambda_geometric": 0.2245139882897927,
    "lambda_PDG": 0.22497,
    "lambda_PDG_err": 0.0007,
    "deviation_sigma": 0.6514453002961654,
    "deviation_percent": 0.20269889772294786
  },
  "constants": {
    "phi": 1.618033988749895,
    "phi_cubed": 4.23606797749979,
    "sqrt_3": 1.7320508075688772,
    "sin_72": 0.9510565162951535
  }
}