{
  "cutoff_scale": {
    "Lambda_method1_TeV": 159.9797594312348,
    "Lambda_method2_TeV": 8271.740241761083,
    "Lambda_range_TeV": [
      4.0,
      10.0
    ],
    "method1_in_range": "False",
    "method2_in_range": false,
    "formula1": "\u039b = 4\u03c0v\u221a(v/f_\u03c0)",
    "formula2": "\u039b = 4\u03c0v\u00b2/f_\u03c0"
  },
  "wilson_coefficients": {
    "c_H": 0.12909439857441693,
    "c_box": 1.0,
    "c_HW": 0.42640900000000004,
    "c_HB": 0.12249999999999998,
    "c_T": 0.22316996077674076
  },
  "gauge_boson_masses": {
    "Lambda_4.0TeV": {
      "delta_mW_rel_percent": 0.08078356935111126,
      "delta_mW_abs_MeV": 64.92510841893332,
      "m_W_CG_GeV": 80.42192510841893,
      "delta_mZ_abs_MeV": 61.52508075365681,
      "delta_rho": 0.0008455950040216138,
      "within_2sigma": false
    },
    "Lambda_5.0TeV": {
      "delta_mW_rel_percent": 0.051701484384711206,
      "delta_mW_abs_MeV": 41.55206938811732,
      "m_W_CG_GeV": 80.39855206938812,
      "delta_mZ_abs_MeV": 39.37605168234035,
      "delta_rho": 0.0005411808025738327,
      "within_2sigma": false
    },
    "Lambda_10.0TeV": {
      "delta_mW_rel_percent": 0.012925371096177802,
      "delta_mW_abs_MeV": 10.38801734702933,
      "m_W_CG_GeV": 80.36738801734703,
      "delta_mZ_abs_MeV": 9.844012920585088,
      "delta_rho": 0.00013529520064345819,
      "within_2sigma": true
    }
  },
  "higgs_trilinear": {
    "Lambda_4.0TeV": {
      "kappa_lambda": 1.011367054075,
      "deviation_percent": 1.1367054074999938,
      "within_LHC_bound": true,
      "within_HLLHC_expected": true
    },
    "Lambda_5.0TeV": {
      "kappa_lambda": 1.007274914608,
      "deviation_percent": 0.7274914608000005,
      "within_LHC_bound": true,
      "within_HLLHC_expected": true
    },
    "Lambda_10.0TeV": {
      "kappa_lambda": 1.001818728652,
      "deviation_percent": 0.18187286519999457,
      "within_LHC_bound": true,
      "within_HLLHC_expected": true
    },
    "energy_dependence": {
      "E_0.25TeV": {
        "kappa_eff": 1.0047630070902744,
        "form_factor": 0.9975062344139651
      },
      "E_0.5TeV": {
        "kappa_eff": 0.9973018956514852,
        "form_factor": 0.9900990099009901
      },
      "E_1.0TeV": {
        "kappa_eff": 0.9685335717384614,
        "form_factor": 0.9615384615384615
      },
      "E_2.0TeV": {
        "kappa_eff": 0.8683404436275862,
        "form_factor": 0.8620689655172414
      }
    }
  },
  "oblique_parameters": {
    "Lambda_4.0TeV": {
      "S_CG": 0.14594536073782635,
      "T_CG": 0.11587695697110585,
      "U_CG": 0.0,
      "S_within_2sigma": true,
      "T_within_2sigma": true,
      "U_within_2sigma": true,
      "all_consistent": true
    },
    "Lambda_5.0TeV": {
      "S_CG": 0.09340503087220886,
      "T_CG": 0.07416125246150775,
      "U_CG": 0.0,
      "S_within_2sigma": true,
      "T_within_2sigma": true,
      "U_within_2sigma": true,
      "all_consistent": true
    },
    "Lambda_10.0TeV": {
      "S_CG": 0.023351257718052215,
      "T_CG": 0.018540313115376936,
      "U_CG": 0.0,
      "S_within_2sigma": true,
      "T_within_2sigma": true,
      "U_within_2sigma": true,
      "all_consistent": true
    }
  },
  "chi_star_spectrum": {
    "Lambda_4.0TeV": {
      "m_chi_star_TeV": 4.0,
      "Gamma_TeV": 0.07957747154594767,
      "Gamma_over_m": 0.019894367886486918,
      "very_broad": "False",
      "cross_section_fb": 0.003789018025,
      "accessible_LHC": "True"
    },
    "Lambda_5.0TeV": {
      "m_chi_star_TeV": 5.0,
      "Gamma_TeV": 0.0994718394324346,
      "Gamma_over_m": 0.019894367886486918,
      "very_broad": "False",
      "cross_section_fb": 0.002424971536,
      "accessible_LHC": "False"
    },
    "Lambda_10.0TeV": {
      "m_chi_star_TeV": 10.0,
      "Gamma_TeV": 0.1989436788648692,
      "Gamma_over_m": 0.019894367886486918,
      "very_broad": "False",
      "cross_section_fb": 0.000606242884,
      "accessible_LHC": "False"
    }
  },
  "di_higgs_production": {
    "Lambda_4.0TeV": {
      "kappa_lambda": 1.011367054075,
      "sigma_HH_ratio": 0.9821098962921913,
      "deviation_percent": -1.7890103707808747,
      "within_LHC_bound": true
    },
    "Lambda_5.0TeV": {
      "kappa_lambda": 1.007274914608,
      "sigma_HH_ratio": 0.9884818627070735,
      "deviation_percent": -1.15181372929265,
      "within_LHC_bound": true
    },
    "Lambda_10.0TeV": {
      "kappa_lambda": 1.001818728652,
      "sigma_HH_ratio": 0.9970976420367922,
      "deviation_percent": -0.29023579632078134,
      "within_LHC_bound": true
    }
  },
  "lambda_lower_bound": {
    "Lambda_from_EW_precision_TeV": 3.416961934090883,
    "Lambda_from_Higgs_couplings_TeV": 1.3486024810892199,
    "Lambda_combined_lower_bound_TeV": 3.416961934090883,
    "claimed_range_TeV": [
      4.0,
      10.0
    ],
    "consistent": "True"
  },
  "summary": {
    "total_tests": 15,
    "passed": 11,
    "failed": 4,
    "pass_rate": 73.33333333333333
  }
}