{
  "Lambda_formula_1": 5027.719619291461,
  "Lambda_formula_2": 8177.058968801717,
  "delta_mW_rel": 0.000484128,
  "delta_mW_MeV": 38.90307369600001,
  "delta_mZ_MeV": 36.49081024616428,
  "delta_rho": 0.0005567472,
  "S_direct": 0.09203892165997056,
  "S_alt": 3.852568214459656e-05,
  "S_claimed": 0.009,
  "T": 0.0762944092992,
  "kappa_lambda_mid": 1.0072834904203378,
  "sigma_HH_ratio": 0.9884684285626767,
  "m_chi_star_1_naive": 159.33185538685416,
  "Gamma_chi_star": 99.47183943243459,
  "Gamma_over_m": 0.019894367886486918,
  "form_factors": {
    "500_GeV": 0.9900990099009901,
    "1000_GeV": 0.9615384615384615,
    "2000_GeV": 0.8620689655172413
  },
  "c_H_inconsistency": {
    "line_199": 0.0003146832,
    "line_237": 0.13,
    "line_357": 0.13,
    "ratio": 413.1138872364333
  }
}