{
  "timestamp": "2025-12-15T09:58:13.322404",
  "theorem": "3.1.1",
  "title": "Heavy Quark Mass Predictions",
  "results": {
    "geometric_derivation": {
      "lambda_geometric": 0.2245139882897927,
      "lambda_squared": 0.05040653093778917,
      "lambda_fourth": 0.0025408183611822966,
      "generation_factors": {
        "gen_3": 1.0,
        "gen_2": 0.05040653093778917,
        "gen_1": 0.0025408183611822966
      },
      "base_scales": {
        "qcd_GeV": 0.012871120000000002,
        "ew_GeV": 30.839055
      }
    },
    "minimal_fitting": {
      "gatto_check": {
        "sqrt_md_ms": 0.22360679774997896,
        "lambda_geo": 0.2245139882897927,
        "agreement_percent": 0.40406860468879224
      },
      "qcd_sector": {
        "m_base_from_s_GeV": 1.8529344960333134,
        "c_d_implied": 0.9919349550499538,
        "c_s_assumed": 1.0
      },
      "ew_sector": {
        "m_base_ew_GeV": 30.839055,
        "c_t_implied": 5.599717630776948,
        "c_b_implied": 0.13554241529125974,
        "c_c_implied": 0.8169883240024322
      },
      "heavy_quark_ratios": {
        "m_c_over_m_t": 0.007354218541895883,
        "m_b_over_m_t": 0.024205223232381723,
        "m_c_over_m_b": 0.3038277511961723,
        "lambda_squared": 0.05040653093778917,
        "lambda_fourth": 0.0025408183611822966
      }
    },
    "localization_analysis": {
      "effective_yukawas": {
        "c": 0.0072944977021112455,
        "b": 0.024008661728208664,
        "t": 0.9918793765177882
      },
      "eta_needed_heavy": {
        "c": 0.04118154722964112,
        "b": 0.13554241529125974,
        "t": 5.599717630776948
      },
      "eta_geometric": {
        "c": 0.037804898203341875,
        "b": 0.75,
        "t": 0.75
      },
      "localization_factors": {
        "c": 1.0893177653365762,
        "b": 0.18072322038834632,
        "t": 7.466290174369264
      },
      "summary": {
        "charm": {
          "eta_needed": 0.04118154722964112,
          "eta_geometric": 0.037804898203341875,
          "localization": 1.0893177653365762,
          "interpretation": "c needs enhancement ~4\u00d7 from localization"
        },
        "bottom": {
          "eta_needed": 0.13554241529125974,
          "eta_geometric": 0.75,
          "localization": 0.18072322038834632,
          "interpretation": "b needs suppression ~4\u00d7 from localization"
        },
        "top": {
          "eta_needed": 5.599717630776948,
          "eta_geometric": 0.75,
          "localization": 7.466290174369264,
          "interpretation": "t needs enhancement ~7\u00d7 from localization"
        }
      }
    },
    "final_model": {
      "qcd_predictions": {
        "c_light": 143.96062627287392,
        "u": {
          "predicted": 0.004707969989589508,
          "pdg": 0.00216
        },
        "d": {
          "predicted": 0.009415939979179016,
          "pdg": 0.00467
        },
        "s": {
          "predicted": 0.09339999999999998,
          "pdg": 0.0934
        }
      },
      "ew_predictions": {
        "c_heavy": 5.599717630776948,
        "t": {
          "predicted": 172.69,
          "pdg": 172.69
        },
        "b": {
          "predicted": 4.18,
          "pdg": 4.18
        },
        "c": {
          "predicted": 1.27,
          "pdg": 1.27
        }
      },
      "parameter_count": {
        "fitted": [
          "c_light",
          "c_heavy"
        ],
        "derived": [
          "lambda_geometric"
        ],
        "taken_from_SM": [
          "y_b/y_t",
          "y_c/y_t",
          "m_d/m_u"
        ],
        "total_fitted": 2,
        "masses_predicted": 6,
        "net_predictions": 4
      }
    }
  },
  "conclusions": {
    "fitted_parameters": 2,
    "derived_parameters": 1,
    "net_predictions": 4,
    "gatto_relation_verified": true,
    "geometric_lambda_derived": true
  }
}