{
  "timestamp": "2025-12-14T07:28:26.610377",
  "T1_properties": {
    "vertices": [
      [
        1.0,
        1.0,
        1.0
      ],
      [
        1.0,
        -1.0,
        -1.0
      ],
      [
        -1.0,
        1.0,
        -1.0
      ],
      [
        -1.0,
        -1.0,
        1.0
      ]
    ],
    "edge_length": 2.8284271247461903,
    "is_regular": true,
    "center": [
      0.0,
      0.0,
      0.0
    ],
    "circumradius": 1.7320508075688772,
    "inradius": 0.5773502691896258,
    "midradius": 1.0,
    "volume": 2.666666666666667,
    "surface_area": 13.856406460551021
  },
  "T2_properties": {
    "vertices": [
      [
        -1.0,
        -1.0,
        -1.0
      ],
      [
        -1.0,
        1.0,
        1.0
      ],
      [
        1.0,
        -1.0,
        1.0
      ],
      [
        1.0,
        1.0,
        -1.0
      ]
    ],
    "edge_length": 2.8284271247461903,
    "is_regular": true,
    "center": [
      0.0,
      0.0,
      0.0
    ],
    "circumradius": 1.7320508075688772,
    "inradius": 0.5773502691896258,
    "midradius": 1.0,
    "volume": 2.666666666666667,
    "surface_area": 13.856406460551021
  },
  "relationship": {
    "centers_same": true,
    "is_dual": true,
    "inter_distances": [
      2.0,
      3.464102
    ],
    "octahedron_edge": 2.0,
    "ratio_oct_tet": 0.7071067811865475
  },
  "best_ratios": [
    [
      "(1/\u03c6\u00b3) \u00d7 sin(72\u00b0)",
      0.2245139882897927
    ],
    [
      "(1/3) \u00d7 (1/\u221a2)",
      0.2357022603955158
    ],
    [
      "r/R \u00d7 1/\u221a2",
      0.23570226039551584
    ],
    [
      "1/\u03c6\u00b3",
      0.2360679774997897
    ],
    [
      "r/a (inradius/edge)",
      0.2041241452319315
    ]
  ],
  "lambda_target": 0.2265,
  "status": "STEP 1 COMPLETE"
}