{
  "timestamp": "2025-12-14T07:30:10.754824",
  "scales": {
    "edge": 2.8284271247461903,
    "circumradius": 1.7320508075688772,
    "inradius": 0.5773502691896258
  },
  "sigma": 0.2886751345948129,
  "optimal": {
    "eps_factor_opt": 0.010006148058587322,
    "epsilon_opt": 0.005777052275176642,
    "sigma": 0.2886751345948129,
    "eps_sigma": 0.020012296117174644,
    "lambda_eff": 1.0283474300270095,
    "target_lambda": 0.2265
  },
  "pdg_comparison": {
    "Up quarks": {
      "masses": [
        0.00216,
        1.27,
        172.69
      ],
      "ratio_12_obs": 0.0017007874015748032,
      "ratio_23_obs": 0.007354218541895883,
      "lambda_12": 0.041240603797408244,
      "lambda_23": 0.08575674050414861,
      "log_ratio_12": -114.06014413822932,
      "log_ratio_23": -87.87013320435194
    },
    "Down quarks": {
      "masses": [
        0.0047,
        0.0934,
        4.18
      ],
      "ratio_12_obs": 0.050321199143468956,
      "ratio_23_obs": 0.022344497607655504,
      "lambda_12": 0.22432387109594235,
      "lambda_23": 0.14948075999156382,
      "log_ratio_12": -53.47047927077146,
      "log_ratio_23": -67.99207106256064
    },
    "Charged leptons": {
      "masses": [
        0.000511,
        0.1057,
        1.777
      ],
      "ratio_12_obs": 0.004834437086092715,
      "ratio_23_obs": 0.05948227349465392,
      "lambda_12": 0.06953011639636968,
      "lambda_23": 0.24388987985288343,
      "log_ratio_12": -95.37394761839904,
      "log_ratio_23": -50.47882468629875
    }
  },
  "status": "STEP 2 COMPLETE",
  "conclusion": "Pattern verified, scale requires \u03b5/\u03c3 determination"
}