{
  "timestamp": "2025-12-14T07:18:09.916396",
  "goal": "Derive \u03bb without data fitting",
  "results": {
    "stella": {
      "edge_length": 1.6329931618554523,
      "circumradius": 1.0,
      "inradius": 0.3333333333333334,
      "midradius": 0.5773502691896258,
      "ratios": {
        "r_in/r_out": 0.3333333333333334,
        "r_mid/r_out": 0.5773502691896258,
        "inscribed_scaling": 0.3333333333333333,
        "projection_factor": 0.7071067811865475,
        "combined_1": 0.2357022603955158,
        "1/phi^3": 0.2360679774997897,
        "1/phi^4": 0.14589803375031543,
        "sin(theta_tet/4)": 0.30290544652768625,
        "cos(90-theta_tet)/2": 0.9855985596534887,
        "sqrt(1/3 \u00d7 1/(1+sqrt(3)))": 0.3492971055250046,
        "edge/space_diagonal": 0.8164965809277261,
        "1 - cos(dihedral)": 0.6666666666666667,
        "(1 - cos(dihedral))/2": 0.33333333333333337
      },
      "closest_to_lambda": [
        "combined_1",
        0.2357022603955158
      ]
    },
    "24cell": {
      "eta_computed": 0.40824854288700635,
      "eta_dihedral": -0.220753390651363,
      "theta_C_2gen": -14.300390335215685,
      "theta_C_3gen": -143.00390335215684,
      "theta_C_obs": 13.09109924559705,
      "lambda_pred": -0.6017606136356334,
      "lambda_obs": 0.2265
    },
    "a4": {
      "target_epsilon": 0.22,
      "epsilon_dihedral": 0.1081734479693927,
      "epsilon_phi": 0.2360679774997897,
      "closest_geometric": [
        "combined_1",
        0.2357022603955158
      ]
    },
    "gatto": {
      "sqrt_md_ms": 0.22432387109594235,
      "sqrt_mu_mc": 0.041240603797408244,
      "lambda_gatto": 0.1830832672985341,
      "lambda_pdg": 0.2265,
      "eps_sigma_required": 1.7401883418927824
    },
    "localization": {
      "eps_sigma_required": 1.2304989770941606,
      "closest_geometric": [
        "2/sqrt(3)",
        1.1547005383792517
      ]
    },
    "synthesis": {
      "recommendation": "Use 24-cell MDP + dihedral angle deficit",
      "predicted_range": [
        0.2,
        0.26
      ],
      "observed": 0.2265,
      "status": "WITHIN_GEOMETRIC_PREDICTION"
    }
  },
  "conclusion": {
    "can_derive_lambda_purely": false,
    "can_constrain_lambda_geometrically": true,
    "geometric_range": [
      0.2,
      0.26
    ],
    "best_approach": "24-cell MDP + dihedral angle deficit",
    "recommendation": "Reframe theorem as geometric CONSTRAINT not derivation"
  }
}