{
  "test_1": {
    "passed": true,
    "name": "RG Running",
    "sin2_theta_gut": 0.375,
    "sin2_theta_mz_predicted": 0.23076923076923078,
    "sin2_theta_mz_observed": 0.23122,
    "deviation_percent": 0.19495252606574986
  },
  "test_2": {
    "passed": "True",
    "name": "Sphaleron Rate",
    "kappa": 1.09,
    "gamma_sph": 1.1200000000000001e-05,
    "hubble": 7.179475113976663e-15,
    "ratio": 1560002621.667477,
    "T_EW": 160.0
  },
  "test_3": {
    "passed": true,
    "name": "CP Asymmetry",
    "J_jarlskog": 3e-05,
    "m_top": 173.0,
    "v_higgs": 246.0,
    "epsilon_cp": 1.4836902637319056e-05,
    "expected": 1.5e-05
  },
  "test_4": {
    "passed": "True",
    "name": "Sign Correlation",
    "N_f": 3,
    "g_s_squared": 1.4828317324943823,
    "g_w_squared": 0.41887902047863906,
    "c3": 0.014085212463632736,
    "c2": 0.0039788735772973835,
    "ratio": 3.5399999999999996
  },
  "test_5": {
    "passed": true,
    "name": "Baryon Asymmetry",
    "eta_predicted": 5.732677743305738e-10,
    "eta_observed": 6.1e-10,
    "deviation_percent": 6.021676339250185
  },
  "test_6": {
    "passed": "True",
    "name": "Color Phase",
    "N_c": 3,
    "alpha": 2.0943951023931953,
    "alpha_degrees": 119.99999999999999
  },
  "summary": {
    "total_tests": 6,
    "passed": 6,
    "failed": 0,
    "all_passed": "True",
    "timestamp": "2025-12-13T22:26:29.644651"
  }
}