{
  "geometry": {
    "x_R": [
      0.5773502691896258,
      0.5773502691896258,
      0.5773502691896258
    ],
    "x_G": [
      0.5773502691896258,
      -0.5773502691896258,
      -0.5773502691896258
    ],
    "x_B": [
      -0.5773502691896258,
      0.5773502691896258,
      -0.5773502691896258
    ],
    "x_W": [
      -0.5773502691896258,
      -0.5773502691896258,
      0.5773502691896258
    ],
    "r_RGB": [
      0.1924500897298753,
      0.1924500897298753,
      -0.1924500897298753
    ],
    "d_W_RGB": 1.3333333333333335,
    "dot_product": -1.0000000000000002,
    "is_antipodal": true
  },
  "factors": {
    "f_singlet": {
      "value": 0.3333333333333333,
      "formula": "1/N_c",
      "N_c": 3,
      "description": "Singlet vs triplet vertices"
    },
    "f_VEV": {
      "value": 0.3333333333333334,
      "formula": "(v_W/v_H)^2",
      "v_W": 142.15518327986968,
      "v_H": 246.22,
      "ratio": 0.5773502691896258,
      "description": "VEV ratio squared"
    },
    "f_solid": {
      "value": 0.5,
      "formula": "sqrt(Omega_W / 4pi)",
      "Omega_W": 3.141592653589793,
      "fraction": 0.25,
      "description": "Domain solid angle factor"
    },
    "f_overlap": {
      "value": 0.00517565688330414,
      "formula": "exp(-d_W_RGB / R_soliton)",
      "d_over_R": 5.263789013914325,
      "M_W": 1683.6185070439992,
      "v_H": 246.22,
      "description": "Vertex separation exponential suppression"
    },
    "f_chiral": {
      "value": 1.7320508075688772,
      "sign": 1.0,
      "formula": "sqrt(3) from stella geometry",
      "phi_W": 3.141592653589793,
      "phi_RGB": 2.0943951023931953,
      "phase_diff": 1.0471975511965979,
      "cos_phase": 0.4999999999999999,
      "description": "Chirality transfer efficiency (magnitude from geometry, sign from phase)"
    }
  },
  "combined": {
    "kappa_W_geom": 0.0004980278158014641,
    "document_value": 0.00048,
    "ratio_to_doc": 1.0375579495863836,
    "breakdown": {
      "f_singlet": 0.3333333333333333,
      "f_VEV": 0.3333333333333334,
      "f_solid": 0.5,
      "f_overlap": 0.00517565688330414,
      "f_chiral": 1.7320508075688772
    }
  },
  "asymmetry": {
    "epsilon_W_computed": 3.0379696763889307e-13,
    "epsilon_W_required": 2.5956205013040633e-13,
    "document_epsilon_W": 2.9e-13,
    "document_required": 2.2e-13,
    "ratio": 1.1704213596951585,
    "percent_difference": 17.042135969515847,
    "kappa_W": 0.0004980278158014641,
    "eta_B": 6.1e-10
  },
  "relic": {
    "Omega_W_over_Omega_b": 6.291311568341116,
    "Omega_W_h2": 0.140925379130841,
    "Omega_DM_h2_observed": 0.12,
    "ratio": 1.174378159423675,
    "agreement_within_factor_2": true
  },
  "sensitivity": {
    "M_W_sensitivity": {
      "M_W_values": [
        1000,
        1500,
        1700,
        2000,
        2500
      ],
      "description": "f_overlap varies exponentially with M_W"
    },
    "vev_scaling": {
      "quadratic": 0.3333333333333333,
      "linear": 0.5773502691896258,
      "ratio": 1.7320508075688776
    },
    "boundary_efficiency": {
      "values": [
        0.5,
        0.7,
        0.9,
        1.0
      ],
      "baseline_excludes_eta": true
    }
  },
  "reconciliation": {
    "document_kappa": 0.0004811252243246881,
    "document_factors": {
      "f_singlet": 0.3333333333333333,
      "f_VEV": 0.3333333333333333,
      "f_solid": 0.5,
      "f_overlap": 0.005,
      "f_chiral": 1.7320508075688772
    },
    "d_R_document": 5.3,
    "d_R_computed": 5.263789013914325,
    "f_overlap_document": 0.005,
    "f_overlap_computed": 0.00517565688330414
  },
  "plot_path": "/Users/robertmassman/Dropbox/Coding_Projects/eqalateralCube/verification/plots/section_6_4_geometric_w_asymmetry.png"
}