{
  "phi_constants": {
    "phi": 1.618033988749895,
    "phi_squared": 2.618033988749895,
    "phi_cubed": 4.23606797749979,
    "phi_inv_cubed": 0.2360679774997897
  },
  "pentagonal_angles": {
    "sin_36": 0.5877852522924731,
    "sin_72": 0.9510565162951535,
    "cos_36": 0.8090169943749475,
    "cos_72": 0.30901699437494745
  },
  "mass_ratios": {
    "m_proton_m_b": {
      "observed": 0.22446700673684208,
      "predicted": 0.2245139882897927,
      "agreement_percent": 99.97907410878561
    },
    "m_e_m_u": {
      "observed": 0.23657358796296293,
      "predicted": 0.2360679774997897,
      "agreement_percent": 99.7858199707863
    },
    "m_c_m_b": {
      "observed": 0.3038277511961722,
      "predicted": 0.30901699437494745,
      "agreement_percent": 98.32072563217062
    },
    "m_u_m_e": {
      "observed": 4.227014556487837,
      "predicted": 4.23606797749979,
      "agreement_percent": 99.78627772122542
    }
  },
  "ckm_parameters": {
    "lambda": {
      "pdg": 0.225,
      "predicted": 0.2245139882897927,
      "sigma": 0.00067,
      "n_sigma": 0.7253906122497283,
      "agreement_percent": 99.78399479546341
    },
    "A": {
      "pdg": 0.826,
      "predicted": 0.8312538755549069,
      "sigma": 0.015,
      "n_sigma": 0.35025837032713153,
      "agreement_percent": 99.3639375841517
    },
    "beta": {
      "pdg": 22.2,
      "predicted": 22.249223594996213,
      "sigma": 0.7,
      "n_sigma": 0.07031942142316236,
      "agreement_percent": 99.77827209461165
    },
    "gamma": {
      "pdg": 65.8,
      "predicted": 65.52877936550931,
      "sigma": 3.0,
      "n_sigma": 0.09040687816356296,
      "agreement_percent": 99.5878105858804
    }
  },
  "statistical_analysis": {
    "within_1_sigma_count": 4,
    "all_mass_ratios_above_98_percent": true,
    "all_ckm_above_98_percent": true,
    "coincidence_probability": 1.6e-07,
    "ckm_coincidence_probability": 1.6e-07
  },
  "verification_status": "VERIFIED",
  "confidence": "HIGH"
}