{
  "f_pi_old_MeV": 93.0,
  "f_pi_new_MeV": 92.1,
  "f_pi_err_MeV": 0.6,
  "percent_change": -0.9677419354838771,
  "B_max_quarter_old_MeV": 139.0674366535735,
  "B_max_quarter_new_MeV": 137.7216227504744,
  "B_eff_quarter_old_MeV": 91.984463213146,
  "B_eff_quarter_new_MeV": 91.09429098850265,
  "chi_0_old_MeV": 69.75,
  "chi_0_new_MeV": 69.07499999999999,
  "grad_max_old_MeV_per_fm": 40.29096525233923,
  "grad_max_new_MeV_per_fm": 39.9010526853811
}