{
  "gamma": 0.25,
  "planck_length": 1.61625502392855e-35,
  "planck_mass": 2.176434342051127e-08,
  "test_masses": {
    "Planck mass": {
      "mass_kg": 2.176434342051127e-08,
      "r_s_m": 3.2325100478571004e-35,
      "area_m2": 1.313075297129017e-68,
      "kappa_per_s": 4.637146575905291e+42,
      "T_H_K": 5.63720506581425e+30,
      "entropy_over_kB": 12.566370614359176
    },
    "1 solar mass": {
      "mass_kg": 1.98847e+30,
      "r_s_m": 2953.3393820668784,
      "area_m2": 109606567.48978263,
      "kappa_per_s": 50754.82686148178,
      "T_H_K": 6.170073824811396e-08,
      "entropy_over_kB": 1.0489548861789662e+77
    },
    "10 solar masses": {
      "mass_kg": 1.98847e+31,
      "r_s_m": 29533.393820668785,
      "area_m2": 10960656748.978264,
      "kappa_per_s": 5075.482686148178,
      "T_H_K": 6.170073824811395e-09,
      "entropy_over_kB": 1.0489548861789664e+79
    },
    "100 solar masses": {
      "mass_kg": 1.9884699999999998e+32,
      "r_s_m": 295333.9382066878,
      "area_m2": 1096065674897.8262,
      "kappa_per_s": 507.54826861481786,
      "T_H_K": 6.170073824811396e-10,
      "entropy_over_kB": 1.0489548861789662e+81
    }
  },
  "tests_passed": 28,
  "tests_failed": 0,
  "verification_status": "PASS"
}