{
  "line_68": {
    "coefficient_pi_4sqrt3": 0.45344984105855446,
    "f_pi_from_coefficient": 198.83977063680302,
    "document_claim": 92.0,
    "actual_calculation": 198.83977063680302,
    "error_factor": 2.161301854747859,
    "correct_coefficient_for_92MeV": 0.21003207873225663
  },
  "formulas": [
    {
      "location": "\u00a70 (line 43)",
      "expression": "f_\u03c0 = \u221a\u03c3/(2\u221aN_c)",
      "coefficient": 0.2886751345948129,
      "predicted_MeV": 126.58532952042364
    },
    {
      "location": "\u00a71 (line 64)",
      "expression": "f_\u03c0 = \u03c0/(4\u221a3) \u00d7 \u221a\u03c3",
      "coefficient": 0.45344984105855446,
      "predicted_MeV": 198.83977063680302
    },
    {
      "location": "\u00a76 (line 408)",
      "expression": "f_\u03c0 = \u221a\u03c3/(N_c + N_f)",
      "coefficient": 0.2,
      "predicted_MeV": 87.70088888888888
    }
  ],
  "limits": {
    "large_nc_conflict": true,
    "nf0_unphysical": true,
    "nf3_agreement": 79.352957735151
  },
  "derivation": {
    "derivation_status": "HEURISTIC",
    "target_ratio": 0.21003207873225663,
    "best_match": "1/(N_c + N_f)",
    "best_value": 0.2
  },
  "improved": {
    "formula1": {
      "expression": "\u221a\u03c3/(N_c+N_f)",
      "f_pi": 87.70088888888888,
      "agreement": 95.22354928218121,
      "large_nc_correct": false,
      "nf0_physical": false
    },
    "formula2": {
      "expression": "\u221a\u03c3 \u00d7 \u221a(N_c \u00d7 N_f)/(4\u03c0)",
      "f_pi": 85.47512816502089,
      "agreement": 92.8068709717925,
      "large_nc_correct": true,
      "nf0_physical": true
    }
  },
  "fixes": {
    "fix_count": 7,
    "critical_fixes": [
      "line_68_arithmetic",
      "reconcile_formulas"
    ],
    "important_fixes": [
      "large_nc",
      "nf0_limit",
      "references"
    ],
    "optional_fixes": [
      "nc_nf_derivation"
    ]
  }
}