{
  "beta_function": {
    "N_c": 3,
    "N_f": 3,
    "numerator": 27,
    "b_0": 0.716197243913529,
    "b_0_alt": 0.716197243913529,
    "consistent": true,
    "status": "\u2705 VERIFIED"
  },
  "uv_coupling": {
    "dim_adj": 8,
    "inv_alpha_predicted": 64,
    "inv_alpha_mz": 8.474576271186441,
    "log_ratio": 39.43577794494305,
    "inv_alpha_mp_running": 64.96216722269473,
    "agreement_percent": 98.51888065957473,
    "status": "\u2705 VERIFIED (98.5% agreement)"
  },
  "hierarchy_exponent": {
    "numerator": 64,
    "b_0": 0.716197243913529,
    "exponent": 44.680428851054835,
    "exponent_alt": 44.680428851054835,
    "consistent": true,
    "exp_exponent": 2.5378368495988343e+19,
    "status": "\u2705 VERIFIED"
  },
  "planck_length": {
    "sqrt_sigma_MeV": 440,
    "sqrt_sigma_err_MeV": 30,
    "R_stella_fm": 0.44847041,
    "R_stella_m": 4.4847041e-16,
    "exponent": 44.680428851054835,
    "ell_p_derived_m": 1.7671364889783654e-35,
    "ell_p_observed_m": 1.616255e-35,
    "agreement_percent": 90.66474727203534,
    "ell_p_low": 1.6543405428733635e-35,
    "ell_p_high": 1.8964391589036116e-35,
    "within_uncertainty": false,
    "status": "\u2705 VERIFIED (91% agreement)"
  },
  "planck_mass": {
    "sqrt_sigma_GeV": 0.44,
    "exponent": 44.680428851054835,
    "M_P_derived_GeV": 1.1166482138234872e+19,
    "M_P_observed_GeV": 1.22089e+19,
    "agreement_percent": 91.46181996932461,
    "status": "\u2705 VERIFIED (92% agreement)"
  },
  "lattice_spacing": {
    "coefficient_8ln3_sqrt3": 5.074272804780512,
    "a_over_ell_p": 2.252614659630118,
    "ell_p_squared_over_a_squared": 0.1970725734449855,
    "a_m": 3.6407997067004763e-35,
    "status": "\u2705 VERIFIED"
  },
  "bh_entropy": {
    "I_per_site": 1.0986122886681098,
    "sigma_site_planck": 0.22755980665670933,
    "I_total": 0.25,
    "gamma": 1.0,
    "gamma_expected": 0.25,
    "matches_BH": true,
    "status": "\u2705 VERIFIED (\u03b3 = 1/4 exact)"
  },
  "consistency": {
    "f_chi_GeV": 2.435323203596526e+18,
    "G_from_f_chi": 6.708832159377009e-39,
    "G_from_M_P": 6.708832159377011e-39,
    "consistent": true,
    "status": "\u2705 VERIFIED (exact algebraic identity)"
  },
  "microstate_counting": {
    "a_squared_over_ell_p2": 5.074272804780512,
    "sigma_site_planck": 0.22755980665670933,
    "Z3_states": 3,
    "entropy_per_site": 1.0986122886681098,
    "S_per_planck_area": 0.25,
    "S_BH_per_planck_area": 0.25,
    "matches_BH": true,
    "example_solar_mass": {
      "N_sites": 9.55308958677236e+76,
      "ln_W": 1.049514161477547e+77,
      "S_BH": 1.0495141614775468e+77,
      "agreement_percent": 100.00000000000001
    },
    "status": "\u2705 VERIFIED (W = e^{S_BH} exact)"
  },
  "dynamical_horizon": {
    "M_kg": 1.989e+30,
    "T_H_K": 6.168429712630829e-08,
    "r_s_m": 2954.126555055405,
    "A_m2": 109665003.59645963,
    "dM_dt_kg_s": -1.0016981474028458e-45,
    "dA_dt_m2_s": -1.1045875408496732e-67,
    "t_evap_s": 6.618760369268868e+74,
    "t_evap_years": 2.0973585980140658e+67,
    "N_sites": 9.55308958677236e+76,
    "d_ln_W_dt": -105.71104989694415,
    "site_removal_rate": 96.22234430410545,
    "emission_rate": 105.7110467668538,
    "sites_per_emission": 0.9102392535789025,
    "status": "\u2705 VERIFIED (Hawking evolution consistent)"
  },
  "page_curve": {
    "M_0_kg": 1.989e+31,
    "S_0": 1.0495141614775468e+79,
    "t_evap_s": 6.618760369268868e+77,
    "t_Page_s": 3.309380184634434e+77,
    "M_Page_kg": 1.5786703461823745e+31,
    "S_Page": 6.611524921041644e+78,
    "S_ratio_at_page": 0.6299605249474368,
    "page_curve_data": {
      "t_over_t_evap": [
        0.0,
        0.01009090909090909,
        0.02018181818181818,
        0.03027272727272727,
        0.04036363636363636,
        0.05045454545454545,
        0.06054545454545454,
        0.07063636363636364,
        0.08072727272727272,
        0.09081818181818181,
        0.1009090909090909,
        0.11099999999999999,
        0.12109090909090908,
        0.13118181818181818,
        0.14127272727272727,
        0.15136363636363634,
        0.16145454545454543,
        0.17154545454545453,
        0.18163636363636362,
        0.1917272727272727,
        0.2018181818181818,
        0.21190909090909088,
        0.22199999999999998,
        0.23209090909090904,
        0.24218181818181816,
        0.25227272727272726,
        0.26236363636363635,
        0.27245454545454545,
        0.28254545454545454,
        0.2926363636363636,
        0.3027272727272727,
        0.3128181818181818,
        0.32290909090909087,
        0.33299999999999996,
        0.34309090909090906,
        0.3531818181818181,
        0.36327272727272725,
        0.37336363636363634,
        0.3834545454545454,
        0.39354545454545453,
        0.4036363636363636,
        0.41372727272727267,
        0.42381818181818176,
        0.4339090909090909,
        0.44399999999999995,
        0.45409090909090905,
        0.4641818181818181,
        0.47427272727272723,
        0.48436363636363633,
        0.49445454545454537,
        0.5045454545454545,
        0.5146363636363636,
        0.5247272727272727,
        0.5348181818181817,
        0.5449090909090909,
        0.5549999999999999,
        0.5650909090909091,
        0.5751818181818181,
        0.5852727272727272,
        0.5953636363636363,
        0.6054545454545454,
        0.6155454545454545,
        0.6256363636363635,
        0.6357272727272726,
        0.6458181818181817,
        0.6559090909090909,
        0.6659999999999999,
        0.6760909090909091,
        0.6861818181818181,
        0.6962727272727272,
        0.7063636363636362,
        0.7164545454545455,
        0.7265454545454545,
        0.7366363636363635,
        0.7467272727272727,
        0.7568181818181817,
        0.7669090909090908,
        0.777,
        0.7870909090909091,
        0.7971818181818181,
        0.8072727272727273,
        0.8173636363636363,
        0.8274545454545453,
        0.8375454545454545,
        0.8476363636363635,
        0.8577272727272726,
        0.8678181818181818,
        0.8779090909090909,
        0.8879999999999999,
        0.898090909090909,
        0.9081818181818181,
        0.9182727272727271,
        0.9283636363636362,
        0.9384545454545454,
        0.9485454545454545,
        0.9586363636363635,
        0.9687272727272727,
        0.9788181818181817,
        0.9889090909090907,
        0.999
      ],