{
  "kappa_geo": {
    "kappa_naive": 0.00025213749721565807,
    "kappa_corrected": 0.06454719928720848,
    "kappa_final": 0.07963191527037808,
    "kappa_over_lambda": 0.616850275068085,
    "geometric_factor": 0.5000000000000001,
    "amplitude_factor": 1.2337005501361697,
    "CG_coefficient": 0.5773502691896258,
    "uncertainty_range": [
      0.001936415978616254,
      0.01936415978616254
    ]
  },
  "sm_coefficients": {
    "lambda": 0.12909439857441693,
    "c_T": 0.39806561800006224,
    "E": 0.009577309040016307,
    "E_W_only": 0.005535018627466536,
    "E_thermal": 0.031236635085970448,
    "v_Tc_ratio_SM": 0.14837683347655758
  },
  "wall_velocity": {
    "v_w": 0.198687660112452,
    "c_s": 0.5773502691896258,
    "Delta_P": 830296323.7213943,
    "eta_eff": 2710.028204557438,
    "regime": "Deflagration (subsonic)",
    "optimal_for_baryogenesis": true
  },
  "gravitational_waves": {
    "alpha": 0.4392454248556854,
    "beta_H": 100,
    "v_w": 0.3,
    "Omega_phi": 1.1409401741026586e-13,
    "Omega_sw": 9.326683876487895e-11,
    "Omega_turb": 3.983613303624777e-10,
    "Omega_total": 4.917422631447669e-10,
    "f_peak_mHz": 7.939296329174206,
    "SNR_LISA": 49.1742263144767,
    "detectable": true
  },
  "V_geo_form": {
    "potential_form": "V_geo = \u03ba v\u2074 [1 - cos(3\u03c0\u03c6/v)] \u00d7 f(T/T\u2080)",
    "kappa_geo": "~0.06 \u03bb_H",
    "thermal_function": "f(T) = (T/T\u2080)\u2074 for T < T\u2080",
    "T_0": "150-200 GeV",
    "symmetry": "S\u2084 \u00d7 \u2124\u2082",
    "n_minima": 3
  }
}