{
  "tree_level": {
    "lambda_W_014": 249.99998836828286,
    "lambda_W_043": 188.22034405722883,
    "lambda_W_129": 108.6690644408636
  },
  "one_loop": {
    "lambda_W_014": 249.99998836828286,
    "lambda_W_043": 188.5240221640338,
    "lambda_W_129": 109.19561772043232
  },
  "shifts": {
    "lambda_W_014": 0.0,
    "lambda_W_043": 0.3036781068049663,
    "lambda_W_129": 0.5265532795687307
  },
  "geometric_estimate": 142.15518327986968,
  "best_estimate": {
    "v_W": 249.99998836828286,
    "tension_percent": 75.8641384718927
  },
  "physical_constants": {
    "v_H": 246.22,
    "m_H": 125.25,
    "m_top": 172.69,
    "lambda_H": 0.12938347743146458
  }
}