{
  "M_P_GeV": 1.22e+19,
  "H_0_GeV": 1.44e-42,
  "rho_formula_GeV4": 3.0863462399999996e-46,
  "rho_obs_GeV4": 2.5e-47,
  "agreement_factor": 12.345384959999999,
  "L_H_m": 1.3726402453827894e+26,
  "l_P_m": 1.6162550244237053e-35,
  "N_DOF": 7.212630437773449e+121,
  "S_Hubble": 2.26591467963672e+122
}