{
  "gravitational_fixed_point": {
    "g_star_CG": 0.5,
    "g_star_AS": 0.5,
    "agreement": "EXACT MATCH"
  },
  "gauge_gravity_coupling": {
    "results_by_c_ga": {
      "c_ga=0.0": {
        "g_MP": 0.0007842337624108704,
        "alpha_s_MP": 0.01766983168741271,
        "inv_alpha_s_MP": 56.593634715398025
      },
      "c_ga=0.1": {
        "g_MP": 0.0007842336150002858,
        "alpha_s_MP": 0.017669145637013807,
        "inv_alpha_s_MP": 56.5958321100242
      },
      "c_ga=0.5": {
        "g_MP": 0.0007842330326012184,
        "alpha_s_MP": 0.017666401702887413,
        "inv_alpha_s_MP": 56.60462253819119
      },
      "c_ga=1.0": {
        "g_MP": 0.0007842323207440327,
        "alpha_s_MP": 0.01766297238681572,
        "inv_alpha_s_MP": 56.6156124858371
      }
    },
    "conclusion": "Gravitational corrections negligible below M_P"
  },
  "scheme_conversion": {
    "factor": 1.5707963267948966,
    "CG_prediction": 64,
    "MS_bar_prediction": 100.53096491487338,
    "NNLO_required": 99.3,
    "agreement_percent": 101.23964241175568
  },
  "self_consistency": {
    "alpha_s_equipartition": 0.015625,
    "g_star_derived": 0.5,
    "g_star_AS": 0.5,
    "match": true
  },
  "conclusion": "Path 3 confirms CG is consistent with gravitational running. No new corrections needed."
}