{
  "comparison": {
    "geometric": {
      "v_W": 142.15518327986968,
      "ratio": 0.5773502691896258
    },
    "potential_minimization_equal_lambda": {
      "v_W": 108.50790379073561,
      "ratio": 0.4406949223894713,
      "is_stable": true
    },
    "analytic_formula": {
      "v_W": 108.5079037907356,
      "ratio": 0.4406949223894712,
      "ratio_sq": 0.19421201461986207
    },
    "document_calculation": {
      "v_W": 108.39231107774754,
      "ratio": 0.44022545316281186,
      "ratio_sq": 0.19379844961240308
    },
    "to_match_geometric_142GeV": {
      "lambda_W_required": 0.07538347743146456,
      "lambda_W_over_lambda_H": 0.5826360438595861,
      "mu_ratio_required": 0.4724546520468047
    },
    "tension": {
      "geometric_minus_potential": 33.647279489134064,
      "fractional_difference": 0.23669400378381272
    }
  },
  "parameter_exploration": {
    "lambda_W_scan": {
      "lambda_W": [
        0.05,
        0.060526315789473685,
        0.07105263157894737,
        0.08157894736842106,
        0.09210526315789475,
        0.10263157894736842,
        0.11315789473684211,
        0.12368421052631579,
        0.13421052631578947,
        0.14473684210526316,
        0.15526315789473683,
        0.16578947368421054,
        0.1763157894736842,
        0.18684210526315792,
        0.19736842105263158,
        0.20789473684210524,
        0.21842105263157896,
        0.22894736842105262,
        0.23947368421052634,
        0.25
      ],
      "v_W": [
        174.5483634297383,
        158.64583091632264,
        146.42347164910996,
        136.65066036737147,
        128.60520899736974,
        121.83169268361105,
        116.02681048872303,
        110.97972714467443,
        106.53872464922017,
        102.59146627136712,
        99.05275878429467,
        95.8566631928953,
        92.95123840784609,
        90.29493866494978,
        87.85408298946612,
        85.60103899937286,
        83.51289434702204,
        81.57046825481845,
        79.75756482389218,
        78.06040119804663
      ],
      "v_W_over_v_H": [
        0.7089122062778747,
        0.6443255256125523,
        0.5946855318378278,
        0.5549941530638107,
        0.5223182885117771,
        0.49480827180412257,
        0.47123227393681677,
        0.45073400676092285,
        0.4326972814930557,
        0.41666585277949447,
        0.4022937161249885,
        0.38931306633455975,
        0.3775129494267163,
        0.3667246310817553,
        0.35681131910269726,
        0.3476607870984195,
        0.3391799786655107,
        0.33129099283087665,
        0.32392805143323933,
        0.3170351766633362
      ],
      "has_vev": [
        true,
        true,
        true,
        true,
        true,
        true,
        true,
        true,
        true,
        true,
        true,
        true,
        true,
        true,
        true,
        true,
        true,
        true,
        true,
        true
      ],
      "is_stable": [
        true,
        true,
        true,
        true,
        true,
        true,
        true,
        true,
        true,
        true,
        true,
        true,
        true,
        true,
        true,
        true,
        true,
        true,
        true,
        true
      ]
    },
    "mu_ratio_scan": {
      "mu_ratio": [
        0.2,
        0.22142857142857145,
        0.24285714285714288,
        0.2642857142857143,
        0.2857142857142857,
        0.30714285714285716,
        0.32857142857142857,
        0.35,
        0.37142857142857144,
        0.3928571428571429,
        0.4142857142857143,
        0.4357142857142857,
        0.45714285714285713,
        0.4785714285714286,
        0.5
      ],
      "mu_W_sq": [
        3137.5125000000003,
        3473.674553571429,
        3809.8366071428577,
        4145.9986607142855,
        4482.160714285714,
        4818.322767857143,
        5154.484821428571,
        5490.646874999999,
        5826.808928571429,
        6162.970982142858,
        6499.133035714286,
        6835.295089285714,
        7171.457142857143,
        7507.619196428572,
        7843.78125
      ],
      "v_W": [
        60.75135168641274,
        70.63864824592778,
        79.30265140774065,
        87.10914082106048,
        94.27138648003994,
        100.92663772837561,
        107.16938974091663,
        113.06798835977519,
        118.6737624161799,
        124.02642371808369,
        129.15744529288023,
        134.09227259193221,
        138.8518255665181,
        143.45355121934233,
        147.91218087678266
      ],
      "v_W_over_v_H": [
        0.24673605591102568,
        0.2868924061649248,
        0.32208046221972486,
        0.35378580465055837,
        0.38287461002371836,
        0.40990430398982863,
        0.43525867005489655,
        0.4592152886027747,
        0.4819826269847287,
        0.5037219710749886,
        0.5245611456944206,
        0.5446034952153855,
        0.5639339841057514,
        0.5826234717705399,
        0.6007317881438659
      ],
      "has_vev": [
        true,
        true,
        true,
        true,
        true,
        true,
        true,
        true,
        true,
        true,
        true,
        true,
        true,
        true,
        true
      ],
      "is_stable": [
        true,
        true,
        true,
        true,
        true,
        true,
        true,
        true,
        true,
        true,
        true,
        true,
        true,
        true,
        true
      ]
    },
    "portal_scan": {
      "lambda_HW": [
        0.01,
        0.015,
        0.02,
        0.025,
        0.03,
        0.035,
        0.04,
        0.045000000000000005,
        0.05,
        0.055,
        0.060000000000000005,
        0.065,
        0.06999999999999999,
        0.075,
        0.08
      ],
      "v_W": [
        133.6610712998929,
        129.20477895529223,
        124.58919627614901,
        119.79591292104934,
        114.80267277567411,
        109.58214544481854,
        104.10014180653263,
        98.31293123486394,
        92.16303690657087,
        85.57229864677475,
        78.42965778035543,
        70.56772735035847,
        61.71221165414006,
        51.351630851378474,
        38.28293242356284
      ],
      "v_W_over_v_H": [
        0.5428522106242097,
        0.5247533870331095,
        0.5060076203238933,
        0.48654013857951967,
        0.46626055062819477,
        0.44505785657062197,
        0.42279320041642693,
        0.39928897422981047,
        0.3743117411525094,
        0.34754406078618616,
        0.31853487848410134,
        0.28660436743708256,
        0.25063850074786803,
        0.2085599498472036,
        0.15548262701471383
      ],
      "has_vev": [
        true,
        true,
        true,
        true,
        true,
        true,
        true,
        true,
        true,
        true,
        true,
        true,
        true,
        true,
        true
      ],
      "is_stable": [
        true,
        true,
        true,
        true,
        true,
        true,
        true,
        true,
        true,
        true,
        true,
        true,
        true,
        true,
        true
      ]
    }
  },
  "uncertainty": {
    "v_W_central": 108.50790379073561,
    "sigma_v_W": 18.956525085815954,
    "frac_uncertainty": 0.17470179059375082
  },
  "recommended": {
    "v_W_central": 125.0,
    "v_W_uncertainty": 17.0,
    "v_ratio_central": 0.5076760620583218,
    "v_ratio_uncertainty": 0.06904394443993177
  },
  "physical_constants": {
    "v_H": 246.22,
    "m_H": 125.25,
    "lambda_H": 0.12938347743146458,
    "lambda_HW": 0.036
  }
}